,,,,,,Pre-dawn,,8:00,,10,,12,,,,,,,,14,,16,,18,,,,,,,,,,,,,,,
row,column,ID,event_short,method,treatment,Mpa,FvFm,A(obs),gsw,A(obs),gsw,A(obs),gsw,row,column,ID,event_short,method,treatment,A(obs),gsw,A(obs),gsw,A(obs),gsw,,,,,,,,,,,,,,
3,3,LCOR-064,2H,both,drought,,,,,,,,,3,3,LCOR-064,2H,both,drought,,,,,,,,,,,,,,,,,,,,
5,3,LCOR-104,16-20,Li600/MiniPAM,drought,,,,,,,,,5,3,LCOR-104,16-20,Li600/MiniPAM,drought,,,,,,,,,,,,,,,,,,,,
8,3,LCOR-228,4A,Li600/MiniPAM,drought,,,,,,,,,8,3,LCOR-228,4A,Li600/MiniPAM,drought,,,,,,,,,,,,,,,,,,,,
15,3,LCOR-213,2H,both,control,,,,,,,,,15,3,LCOR-213,2H,both,control,,,,,,,,,,,,,,,,,,,,
3,4,LCOR-308,13-15E,Li600/MiniPAM,drought,,,,,,,,,3,4,LCOR-308,13-15E,Li600/MiniPAM,drought,,,,,,,,,,,,,,,,,,,,
4,4,LCOR-249,5A,Li600/MiniPAM,drought,,,,,,,,,4,4,LCOR-249,5A,Li600/MiniPAM,drought,,,,,,,,,,,,,,,,,,,,
13,4,LCOR-107,16-20,Li600/MiniPAM,drought,,,,,,,,,13,4,LCOR-107,16-20,Li600/MiniPAM,drought,,,,,,,,,,,,,,,,,,,,
14,4,LCOR-201,CT3,both,control,,,,,,,,,14,4,LCOR-201,CT3,both,control,,,,,,,,,,,,,,,,,,,,
15,4,LCOR-211,2H,Li600/MiniPAM,drought,,,,,,,,,15,4,LCOR-211,2H,Li600/MiniPAM,drought,,,,,,,,,,,,,,,,,,,,
3,5,LCOR-070,2H,Li600/MiniPAM,drought,,,,,,,,,3,5,LCOR-070,2H,Li600/MiniPAM,drought,,,,,,,,,,,,,,,,,,,,
4,5,LCOR-282,8-9D,both,drought,,,,,,,,,4,5,LCOR-282,8-9D,both,drought,,,,,,,,,,,,,,,,,,,,
6,5,LCOR-573,5C,Li600/MiniPAM,drought,,,,,,,,,6,5,LCOR-573,5C,Li600/MiniPAM,drought,,,,,,,,,,,,,,,,,,,,
7,5,LCOR-068,2H,Li600/MiniPAM,drought,,,,,,,,,7,5,LCOR-068,2H,Li600/MiniPAM,drought,,,,,,,,,,,,,,,,,,,,
8,5,LCOR-575,5A,Li600/MiniPAM,drought,,,,,,,,,8,5,LCOR-575,5A,Li600/MiniPAM,drought,,,,,,,,,,,,,,,,,,,,
9,5,LCOR-346,CT3,both,control,,,,,,,,,9,5,LCOR-346,CT3,both,control,,,,,,,,,,,,,,,,,,,,
10,5,LCOR-092,8-9D,Li600/MiniPAM,drought,,,,,,,,,10,5,LCOR-092,8-9D,Li600/MiniPAM,drought,,,,,,,,,,,,,,,,,,,,
14,5,LCOR-314,16-20,Li600/MiniPAM,drought,,,,,,,,,14,5,LCOR-314,16-20,Li600/MiniPAM,drought,,,,,,,,,,,,,,,,,,,,
3,6,LCOR-069,2H,Li600/MiniPAM,drought,,,,,,,,,3,6,LCOR-069,2H,Li600/MiniPAM,drought,,,,,,,,,,,,,,,,,,,,
5,6,LCOR-062,2H,both,drought,,,,,,,,,5,6,LCOR-062,2H,both,drought,,,,,,,,,,,,,,,,,,,,
7,6,LCOR-003,4A,Li600/MiniPAM,drought,,,,,,,,,7,6,LCOR-003,4A,Li600/MiniPAM,drought,,,,,,,,,,,,,,,,,,,,
9,6,LCOR-310,16-20,both,control,,,,,,,,,9,6,LCOR-310,16-20,both,control,,,,,,,,,,,,,,,,,,,,
10,6,LCOR-251,5A,Li600/MiniPAM,drought,,,,,,,,,10,6,LCOR-251,5A,Li600/MiniPAM,drought,,,,,,,,,,,,,,,,,,,,
3,7,LCOR-073,13-15E,Li600/MiniPAM,drought,,,,,,,,,3,7,LCOR-073,13-15E,Li600/MiniPAM,drought,,,,,,,,,,,,,,,,,,,,
4,7,LCOR-510,16-20,Li600/MiniPAM,drought,,,,,,,,,4,7,LCOR-510,16-20,Li600/MiniPAM,drought,,,,,,,,,,,,,,,,,,,,
13,7,LCOR-296,13-15E,both,control,,,,,,,,,13,7,LCOR-296,13-15E,both,control,,,,,,,,,,,,,,,,,,,,
4,8,LCOR-279,5C,both,drought,,,,,,,,,4,8,LCOR-279,5C,both,drought,,,,,,,,,,,,,,,,,,,,
8,8,LCOR-250,5A,both,drought,,,,,,,,,8,8,LCOR-250,5A,both,drought,,,,,,,,,,,,,,,,,,,,
11,8,LCOR-238,4A,both,drought,,,,,,,,,11,8,LCOR-238,4A,both,drought,,,,,,,,,,,,,,,,,,,,
14,8,LCOR-167,5A,Li600/MiniPAM,drought,,,,,,,,,14,8,LCOR-167,5A,Li600/MiniPAM,drought,,,,,,,,,,,,,,,,,,,,
15,8,LCOR-274,5C,Li600/MiniPAM,drought,,,,,,,,,15,8,LCOR-274,5C,Li600/MiniPAM,drought,,,,,,,,,,,,,,,,,,,,
2,9,LCOR-581,5A,Li600/MiniPAM,drought,,,,,,,,,2,9,LCOR-581,5A,Li600/MiniPAM,drought,,,,,,,,,,,,,,,,,,,,
3,9,LCOR-001,4A,Li600/MiniPAM,drought,,,,,,,,,3,9,LCOR-001,4A,Li600/MiniPAM,drought,,,,,,,,,,,,,,,,,,,,
4,9,LCOR-342,CT3,both,drought,,,,,,,,,4,9,LCOR-342,CT3,both,drought,,,,,,,,,,,,,,,,,,,,
7,9,LCOR-076,13-15E,both,drought,,,,,,,,,7,9,LCOR-076,13-15E,both,drought,,,,,,,,,,,,,,,,,,,,
11,9,LCOR-231,4A,Li600/MiniPAM,drought,,,,,,,,,11,9,LCOR-231,4A,Li600/MiniPAM,drought,,,,,,,,,,,,,,,,,,,,
14,9,LCOR-511,16-20,both,control,,,,,,,,,14,9,LCOR-511,16-20,both,control,,,,,,,,,,,,,,,,,,,,
15,9,LCOR-041,5C,both,control,,,,,,,,,15,9,LCOR-041,5C,both,control,,,,,,,,,,,,,,,,,,,,
5,10,LCOR-010,4A,Li600/MiniPAM,drought,,,,,,,,,5,10,LCOR-010,4A,Li600/MiniPAM,drought,,,,,,,,,,,,,,,,,,,,
6,10,LCOR-292,8-9D,Li600/MiniPAM,drought,,,,,,,,,6,10,LCOR-292,8-9D,Li600/MiniPAM,drought,,,,,,,,,,,,,,,,,,,,
7,10,LCOR-420,8-9D,Li600/MiniPAM,drought,,,,,,,,,7,10,LCOR-420,8-9D,Li600/MiniPAM,drought,,,,,,,,,,,,,,,,,,,,
12,10,LCOR-286,8-9D,both,control,,,,,,,,,12,10,LCOR-286,8-9D,both,control,,,,,,,,,,,,,,,,,,,,
14,10,LCOR-039,5C,Li600/MiniPAM,drought,,,,,,,,,14,10,LCOR-039,5C,Li600/MiniPAM,drought,,,,,,,,,,,,,,,,,,,,
9,11,LCOR-233,4A,both,control,,,,,,,,,9,11,LCOR-233,4A,both,control,,,,,,,,,,,,,,,,,,,,
10,11,LCOR-161,5A,both,control,,,,,,,,,10,11,LCOR-161,5A,both,control,,,,,,,,,,,,,,,,,,,,
13,11,LCOR-289,8-9D,both,control,,,,,,,,,13,11,LCOR-289,8-9D,both,control,,,,,,,,,,,,,,,,,,,,
10,12,LCOR-561,5C,Li600/MiniPAM,drought,,,,,,,,,10,12,LCOR-561,5C,Li600/MiniPAM,drought,,,,,,,,,,,,,,,,,,,,
11,12,LCOR-035,5C,Li600/MiniPAM,drought,,,,,,,,,11,12,LCOR-035,5C,Li600/MiniPAM,drought,,,,,,,,,,,,,,,,,,,,
13,12,LCOR-218,2H,both,control,,,,,,,,,13,12,LCOR-218,2H,both,control,,,,,,,,,,,,,,,,,,,,
4,13,LCOR-200,CT3,Li600/MiniPAM,drought,,,,,,,,,4,13,LCOR-200,CT3,Li600/MiniPAM,drought,,,,,,,,,,,,,,,,,,,,
7,13,LCOR-338,CT3,Li600/MiniPAM,drought,,,,,,,,,7,13,LCOR-338,CT3,Li600/MiniPAM,drought,,,,,,,,,,,,,,,,,,,,
8,13,LCOR-544,4A,both,drought,,,,,,,,,8,13,LCOR-544,4A,both,drought,,,,,,,,,,,,,,,,,,,,
9,13,LCOR-320,16-20,both,drought,,,,,,,,,9,13,LCOR-320,16-20,both,drought,,,,,,,,,,,,,,,,,,,,
10,13,LCOR-077,13-15E,both,control,,,,,,,,,10,13,LCOR-077,13-15E,both,control,,,,,,,,,,,,,,,,,,,,
12,13,LCOR-088,8-9D,Li600/MiniPAM,drought,,,,,,,,,12,13,LCOR-088,8-9D,Li600/MiniPAM,drought,,,,,,,,,,,,,,,,,,,,
14,13,LCOR-156,5A,both,control,,,,,,,,,14,13,LCOR-156,5A,both,control,,,,,,,,,,,,,,,,,,,,
2,14,LCOR-060,2H,Li600/MiniPAM,drought,,,,,,,,,2,14,LCOR-060,2H,Li600/MiniPAM,drought,,,,,,,,,,,,,,,,,,,,
7,14,LCOR-347,CT3,Li600/MiniPAM,drought,,,,,,,,,7,14,LCOR-347,CT3,Li600/MiniPAM,drought,,,,,,,,,,,,,,,,,,,,
9,14,LCOR-269,5C,both,control,,,,,,,,,9,14,LCOR-269,5C,both,control,,,,,,,,,,,,,,,,,,,,
13,14,LCOR-014,4A,both,control,,,,,,,,,13,14,LCOR-014,4A,both,control,,,,,,,,,,,,,,,,,,,,
14,14,LCOR-091,8-9D,both,drought,,,,,,,,,14,14,LCOR-091,8-9D,both,drought,,,,,,,,,,,,,,,,,,,,
11,15,LCOR-507,16-20,both,drought,,,,,,,,,11,15,LCOR-507,16-20,both,drought,,,,,,,,,,,,,,,,,,,,
13,15,LCOR-562,5C,both,drought,,,,,,,,,13,15,LCOR-562,5C,both,drought,,,,,,,,,,,,,,,,,,,,
2,16,LCOR-247,5A,both,drought,,,,,,,,,2,16,LCOR-247,5A,both,drought,,,,,,,,,,,,,,,,,,,,
6,16,LCOR-072,13-15E,both,drought,,,,,,,,,6,16,LCOR-072,13-15E,both,drought,,,,,,,,,,,,,,,,,,,,
10,16,LCOR-033,5C,Li600/MiniPAM,drought,,,,,,,,,10,16,LCOR-033,5C,Li600/MiniPAM,drought,,,,,,,,,,,,,,,,,,,,
15,16,LCOR-614,13-15E,Li600/MiniPAM,drought,,,,,,,,,15,16,LCOR-614,13-15E,Li600/MiniPAM,drought,,,,,,,,,,,,,,,,,,,,
5,17,LCOR-079,13-15E,both,drought,,,,,,,,,5,17,LCOR-079,13-15E,both,drought,,,,,,,,,,,,,,,,,,,,
6,17,LCOR-458,2H,Li600/MiniPAM,drought,,,,,,,,,6,17,LCOR-458,2H,Li600/MiniPAM,drought,,,,,,,,,,,,,,,,,,,,
9,17,LCOR-275,5C,Li600/MiniPAM,drought,,,,,,,,,9,17,LCOR-275,5C,Li600/MiniPAM,drought,,,,,,,,,,,,,,,,,,,,
15,17,LCOR-271,5C,both,drought,,,,,,,,,15,17,LCOR-271,5C,both,drought,,,,,,,,,,,,,,,,,,,,
2,18,LCOR-058,2H,both,drought,,,,,,,,,2,18,LCOR-058,2H,both,drought,,,,,,,,,,,,,,,,,,,,
12,18,LCOR-243,5A,Li600/MiniPAM,drought,,,,,,,,,12,18,LCOR-243,5A,Li600/MiniPAM,drought,,,,,,,,,,,,,,,,,,,,
5,19,LCOR-491,CT3,Li600/MiniPAM,drought,,,,,,,,,5,19,LCOR-491,CT3,Li600/MiniPAM,drought,,,,,,,,,,,,,,,,,,,,
2,20,LCOR-162,5A,Li600/MiniPAM,drought,,,,,,,,,2,20,LCOR-162,5A,Li600/MiniPAM,drought,,,,,,,,,,,,,,,,,,,,
7,20,LCOR-059,2H,Li600/MiniPAM,drought,,,,,,,,,7,20,LCOR-059,2H,Li600/MiniPAM,drought,,,,,,,,,,,,,,,,,,,,
11,20,LCOR-103,16-20,Li600/MiniPAM,drought,,,,,,,,,11,20,LCOR-103,16-20,Li600/MiniPAM,drought,,,,,,,,,,,,,,,,,,,,
4,21,LCOR-350,CT3,Li600/MiniPAM,drought,,,,,,,,,4,21,LCOR-350,CT3,Li600/MiniPAM,drought,,,,,,,,,,,,,,,,,,,,
6,21,LCOR-012,4A,Li600/MiniPAM,drought,,,,,,,,,6,21,LCOR-012,4A,Li600/MiniPAM,drought,,,,,,,,,,,,,,,,,,,,
7,21,LCOR-248,5A,Li600/MiniPAM,drought,,,,,,,,,7,21,LCOR-248,5A,Li600/MiniPAM,drought,,,,,,,,,,,,,,,,,,,,
11,21,LCOR-450,2H,Li600/MiniPAM,drought,,,,,,,,,11,21,LCOR-450,2H,Li600/MiniPAM,drought,,,,,,,,,,,,,,,,,,,,
13,21,LCOR-495,CT3,Li600/MiniPAM,drought,,,,,,,,,13,21,LCOR-495,CT3,Li600/MiniPAM,drought,,,,,,,,,,,,,,,,,,,,
4,22,LCOR-165,5A,Li600/MiniPAM,drought,,,,,,,,,4,22,LCOR-165,5A,Li600/MiniPAM,drought,,,,,,,,,,,,,,,,,,,,
5,22,LCOR-209,CT3,both,drought,,,,,,,,,5,22,LCOR-209,CT3,both,drought,,,,,,,,,,,,,,,,,,,,
11,22,LCOR-063,2H,Li600/MiniPAM,drought,,,,,,,,,11,22,LCOR-063,2H,Li600/MiniPAM,drought,,,,,,,,,,,,,,,,,,,,
13,22,LCOR-514,16-20,Li600/MiniPAM,drought,,,,,,,,,13,22,LCOR-514,16-20,Li600/MiniPAM,drought,,,,,,,,,,,,,,,,,,,,
5,23,LCOR-319,16-20,Li600/MiniPAM,drought,,,,,,,,,5,23,LCOR-319,16-20,Li600/MiniPAM,drought,,,,,,,,,,,,,,,,,,,,
9,23,LCOR-291,8-9D,Li600/MiniPAM,drought,,,,,,,,,9,23,LCOR-291,8-9D,Li600/MiniPAM,drought,,,,,,,,,,,,,,,,,,,,
14,23,LCOR-290,8-9D,Li600/MiniPAM,drought,,,,,,,,,14,23,LCOR-290,8-9D,Li600/MiniPAM,drought,,,,,,,,,,,,,,,,,,,,
4,24,LCOR-608,13-15E,Li600/MiniPAM,drought,,,,,,,,,4,24,LCOR-608,13-15E,Li600/MiniPAM,drought,,,,,,,,,,,,,,,,,,,,
5,24,LCOR-229,4A,Li600/MiniPAM,drought,,,,,,,,,5,24,LCOR-229,4A,Li600/MiniPAM,drought,,,,,,,,,,,,,,,,,,,,
6,24,LCOR-503,CT3,both,drought,,,,,,,,,6,24,LCOR-503,CT3,both,drought,,,,,,,,,,,,,,,,,,,,
7,24,LCOR-339,CT3,Li600/MiniPAM,drought,,,,,,,,,7,24,LCOR-339,CT3,Li600/MiniPAM,drought,,,,,,,,,,,,,,,,,,,,
8,24,LCOR-348,CT3,Li600/MiniPAM,drought,,,,,,,,,8,24,LCOR-348,CT3,Li600/MiniPAM,drought,,,,,,,,,,,,,,,,,,,,
10,24,LCOR-546,4A,Li600/MiniPAM,drought,,,,,,,,,10,24,LCOR-546,4A,Li600/MiniPAM,drought,,,,,,,,,,,,,,,,,,,,
13,24,LCOR-084,13-15E,Li600/MiniPAM,drought,,,,,,,,,13,24,LCOR-084,13-15E,Li600/MiniPAM,drought,,,,,,,,,,,,,,,,,,,,
4,25,LCOR-606,13-15E,Li600/MiniPAM,drought,,,,,,,,,4,25,LCOR-606,13-15E,Li600/MiniPAM,drought,,,,,,,,,,,,,,,,,,,,
7,25,LCOR-160,5A,Li600/MiniPAM,drought,,,,,,,,,7,25,LCOR-160,5A,Li600/MiniPAM,drought,,,,,,,,,,,,,,,,,,,,
9,25,LCOR-506,16-20,Li600/MiniPAM,drought,,,,,,,,,9,25,LCOR-506,16-20,Li600/MiniPAM,drought,,,,,,,,,,,,,,,,,,,,
11,25,LCOR-065,2H,Li600/MiniPAM,drought,,,,,,,,,11,25,LCOR-065,2H,Li600/MiniPAM,drought,,,,,,,,,,,,,,,,,,,,
2,26,LCOR-293,8-9D,Li600/MiniPAM,drought,,,,,,,,,2,26,LCOR-293,8-9D,Li600/MiniPAM,drought,,,,,,,,,,,,,,,,,,,,
3,26,LCOR-605,13-15E,Li600/MiniPAM,drought,,,,,,,,,3,26,LCOR-605,13-15E,Li600/MiniPAM,drought,,,,,,,,,,,,,,,,,,,,
6,26,LCOR-278,5C,Li600/MiniPAM,drought,,,,,,,,,6,26,LCOR-278,5C,Li600/MiniPAM,drought,,,,,,,,,,,,,,,,,,,,
7,26,LCOR-613,13-15E,Li600/MiniPAM,drought,,,,,,,,,7,26,LCOR-613,13-15E,Li600/MiniPAM,drought,,,,,,,,,,,,,,,,,,,,
8,26,LCOR-300,13-15E,Li600/MiniPAM,drought,,,,,,,,,8,26,LCOR-300,13-15E,Li600/MiniPAM,drought,,,,,,,,,,,,,,,,,,,,
9,26,LCOR-341,CT3,Li600/MiniPAM,drought,,,,,,,,,9,26,LCOR-341,CT3,Li600/MiniPAM,drought,,,,,,,,,,,,,,,,,,,,
9,27,LCOR-206,CT3,Li600/MiniPAM,drought,,,,,,,,,9,27,LCOR-206,CT3,Li600/MiniPAM,drought,,,,,,,,,,,,,,,,,,,,
10,27,LCOR-322,16-20,both,drought,,,,,,,,,10,27,LCOR-322,16-20,both,drought,,,,,,,,,,,,,,,,,,,,
13,27,LCOR-295,13-15E,Li600/MiniPAM,drought,,,,,,,,,13,27,LCOR-295,13-15E,Li600/MiniPAM,drought,,,,,,,,,,,,,,,,,,,,
6,28,LCOR-227,4A,Li600/MiniPAM,drought,,,,,,,,,6,28,LCOR-227,4A,Li600/MiniPAM,drought,,,,,,,,,,,,,,,,,,,,
11,28,LCOR-096,8-9D,Li600/MiniPAM,drought,,,,,,,,,11,28,LCOR-096,8-9D,Li600/MiniPAM,drought,,,,,,,,,,,,,,,,,,,,
15,28,LCOR-083,13-15E,Li600/MiniPAM,drought,,,,,,,,,15,28,LCOR-083,13-15E,Li600/MiniPAM,drought,,,,,,,,,,,,,,,,,,,,
12,45,LCOR-234,4A,Li600/MiniPAM,drought,,,,,,,,,12,45,LCOR-234,4A,Li600/MiniPAM,drought,,,,,,,,,,,,,,,,,,,,
6,46,LCOR-032,5C,Li600/MiniPAM,drought,,,,,,,,,6,46,LCOR-032,5C,Li600/MiniPAM,drought,,,,,,,,,,,,,,,,,,,,
8,46,LCOR-311,16-20,Li600/MiniPAM,drought,,,,,,,,,8,46,LCOR-311,16-20,Li600/MiniPAM,drought,,,,,,,,,,,,,,,,,,,,
13,46,LCOR-102,16-20,Li600/MiniPAM,drought,,,,,,,,,13,46,LCOR-102,16-20,Li600/MiniPAM,drought,,,,,,,,,,,,,,,,,,,,
4,47,LCOR-232,4A,both,drought,,,,,,,,,4,47,LCOR-232,4A,both,drought,,,,,,,,,,,,,,,,,,,,
6,47,LCOR-419,8-9D,Li600/MiniPAM,drought,,,,,,,,,6,47,LCOR-419,8-9D,Li600/MiniPAM,drought,,,,,,,,,,,,,,,,,,,,
14,47,LCOR-159,5A,both,drought,,,,,,,,,14,47,LCOR-159,5A,both,drought,,,,,,,,,,,,,,,,,,,,
6,48,LCOR-412,8-9D,both,drought,,,,,,,,,6,48,LCOR-412,8-9D,both,drought,,,,,,,,,,,,,,,,,,,,
9,51,LCOR-108,16-20,Li600/MiniPAM,drought,,,,,,,,,9,51,LCOR-108,16-20,Li600/MiniPAM,drought,,,,,,,,,,,,,,,,,,,,
12,52,LCOR-215,2H,Li600/MiniPAM,drought,,,,,,,,,12,52,LCOR-215,2H,Li600/MiniPAM,drought,,,,,,,,,,,,,,,,,,,,
3,53,LCOR-288,8-9D,Li600/MiniPAM,drought,,,,,,,,,3,53,LCOR-288,8-9D,Li600/MiniPAM,drought,,,,,,,,,,,,,,,,,,,,
,,,,,,,,,,,,,,,,,,,,,,,,,,,,,,,,,,,,,,,
,,,,,,,,,,,,,,,,,,,,,,,,,,,,,,,,,,,,,,,
,,,,,,,,,,,,,,,,,,,,,,,,,,,,,,,,,,,,,,,
,,,,,,,,,,,,,,,,,,,,,,,,,,,,,,,,,,,,,,,
,,,,,,,,,,,,,,,,,,,,,,,,,,,,,,,,,,,,,,,
,,,,,,,,,,,,,,,,,,,,,,,,,,,,,,,,,,,,,,,
,,,,,,,,,,,,,,,,,,,,,,,,,,,,,,,,,,,,,,,
,,,,,,,,,,,,,,,,,,,,,,,,,,,,,,,,,,,,,,,
,,,,,,,,,,,,,,,,,,,,,,,,,,,,,,,,,,,,,,,
,,,,,,,,,,,,,,,,,,,,,,,,,,,,,,,,,,,,,,,
,,,,,,,,,,,,,,,,,,,,,,,,,,,,,,,,,,,,,,,
,,,,,,,,,,,,,,,,,,,,,,,,,,,,,,,,,,,,,,,
,,,,,,,,,,,,,,,,,,,,,,,,,,,,,,,,,,,,,,,
,,,,,,,,,,,,,,,,,,,,,,,,,,,,,,,,,,,,,,,
,,,,,,,,,,,,,,,,,,,,,,,,,,,,,,,,,,,,,,,
,,,,,,,,,,,,,,,,,,,,,,,,,,,,,,,,,,,,,,,
,,,,,,,,,,,,,,,,,,,,,,,,,,,,,,,,,,,,,,,
,,,,,,,,,,,,,,,,,,,,,,,,,,,,,,,,,,,,,,,
,,,,,,,,,,,,,,,,,,,,,,,,,,,,,,,,,,,,,,,
,,,,,,,,,,,,,,,,,,,,,,,,,,,,,,,,,,,,,,,
,,,,,,,,,,,,,,,,,,,,,,,,,,,,,,,,,,,,,,,
,,,,,,,,,,,,,,,,,,,,,,,,,,,,,,,,,,,,,,,
,,,,,,,,,,,,,,,,,,,,,,,,,,,,,,,,,,,,,,,