row,column,ID,SPAD,Drought Score,Notes,,,,,,,,,,,,,,,,,,,,
1,1,LCOR-1143,,,,,,,,,,,,,,,,,,,,,,,
2,1,LCOR-1088,,,,,,,,,,,,,,,,,,,,,,,
3,1,LCOR-1141,,,,,,,,,,,,,,,,,,,,,,,
4,1,LCOR-1064,,,,,,,,,,,,,,,,,,,,,,,
5,1,LCOR-1145,,,,,,,,,,,,,,,,,,,,,,,
6,1,LCOR-1150,,,,,,,,,,,,,,,,,,,,,,,
7,1,LCOR-1071,,,,,,,,,,,,,,,,,,,,,,,
8,1,LCOR-1247,,,,,,,,,,,,,,,,,,,,,,,
9,1,LCOR-1024,,,,,,,,,,,,,,,,,,,,,,,
10,1,LCOR-1057,,,,,,,,,,,,,,,,,,,,,,,
11,1,LCOR-1060,,,,,,,,,,,,,,,,,,,,,,,
12,1,LCOR-1063,,,,,,,,,,,,,,,,,,,,,,,
13,1,LCOR-1081,,,,,,,,,,,,,,,,,,,,,,,
14,1,LCOR-1097,,,,,,,,,,,,,,,,,,,,,,,
15,1,LCOR-1199,,,,,,,,,,,,,,,,,,,,,,,
16,1,LCOR-1053,,,,,,,,,,,,,,,,,,,,,,,
1,2,LCOR-1101,,,,,,,,,,,,,,,,,,,,,,,
2,2,LCOR-1137,,,,,,,,,,,,,,,,,,,,,,,
3,2,LCOR-1075,,,,,,,,,,,,,,,,,,,,,,,
4,2,LCOR-1022,,,,,,,,,,,,,,,,,,,,,,,
5,2,LCOR-1061,,,,,,,,,,,,,,,,,,,,,,,
6,2,LCOR-1078,,,,,,,,,,,,,,,,,,,,,,,
7,2,LCOR-1080,,,,,,,,,,,,,,,,,,,,,,,
8,2,LCOR-1085,,,,,,,,,,,,,,,,,,,,,,,
9,2,LCOR-1091,,,,,,,,,,,,,,,,,,,,,,,
10,2,LCOR-1106,,,,,,,,,,,,,,,,,,,,,,,
11,2,LCOR-1163,,,,,,,,,,,,,,,,,,,,,,,
12,2,LCOR-1168,,,,,,,,,,,,,,,,,,,,,,,
13,2,LCOR-1183,,,,,,,,,,,,,,,,,,,,,,,
14,2,LCOR-1187,,,,,,,,,,,,,,,,,,,,,,,
15,2,LCOR-1198,,,,,,,,,,,,,,,,,,,,,,,
16,2,LCOR-1076,,,,,,,,,,,,,,,,,,,,,,,
1,3,LCOR-1001,,,,,,,,,,,,,,,,,,,,,,,
2,3,LCOR-125,,,,,,,,,,,,,,,,,,,,,,,
3,3,LCOR-064,19.7,2,,,,,,,,,,,,,,,,,,,,,
4,3,LCOR-173,27,1,,,,,,,,,,,,,,,,,,,,,
5,3,LCOR-104,23.5,3,,,,,,,,,,,,,,,,,,,,,
6,3,LCOR-552,33.5,0,,,,,,,,,,,,,,,,,,,,,
7,3,LCOR-395,33.6,1,,,,,,,,,,,,,,,,,,,,,
8,3,LCOR-228,29.5,1,,,,,,,,,,,,,,,,,,,,,
9,3,LCOR-362,21.4,2,,,,,,,,,,,,,,,,,,,,,
10,3,LCOR-259,24.7,1,,,,,,,,,,,,,,,,,,,,,
11,3,LCOR-258,23.5,1,,,,,,,,,,,,,,,,,,,,,
12,3,LCOR-188,25.7,4,,,,,,,,,,,,,,,,,,,,,
13,3,LCOR-294,26.2,2,,,,,,,,,,,,,,,,,,,,,
14,3,LCOR-253,29,1,,,,,,,,,,,,,,,,,,,,,
15,3,LCOR-213,32.8,1,,,,,,,,,,,,,,,,,,,,,
16,3,LCOR-1047,,,,,,,,,,,,,,,,,,,,,,,
1,4,LCOR-1002,,,,,,,,,,,,,,,,,,,,,,,
2,4,LCOR-087,25.2,2,,,,,,,,,,,,,,,,,,,,,
3,4,LCOR-308,25.3,3,,,,,,,,,,,,,,,,,,,,,
4,4,LCOR-249,31.3,1,,,,,,,,,,,,,,,,,,,,,
5,4,LCOR-244,NA,5,"All leaves dead, not collected",,,,,,,,,,,,,,,,,,,,
6,4,LCOR-607,21.2,2,,,,,,,,,,,,,,,,,,,,,
7,4,LCOR-396,28.7,1,,,,,,,,,,,,,,,,,,,,,
8,4,LCOR-325,,,,,,,,,,,,,,,,,,,,,,,
9,4,LCOR-054,27,1,,,,,,,,,,,,,,,,,,,,,
10,4,LCOR-109,,,,,,,,,,,,,,,,,,,,,,,
11,4,LCOR-268,31.3,1,,,,,,,,,,,,,,,,,,,,,
12,4,LCOR-328,,,,,,,,,,,,,,,,,,,,,,,
13,4,LCOR-107,25.8,4,,,,,,,,,,,,,,,,,,,,,
14,4,LCOR-201,36.4,1,,,,,,,,,,,,,,,,,,,,,
15,4,LCOR-211,29.7,1,,,,,,,,,,,,,,,,,,,,,
16,4,LCOR-1051,,,,,,,,,,,,,,,,,,,,,,,
1,5,LCOR-082,24,1,,,,,,,,,,,,,,,,,,,,,
2,5,LCOR-344,19.2,2,,,,,,,,,,,,,,,,,,,,,
3,5,LCOR-070,31,1,,,,,,,,,,,,,,,,,,,,,
4,5,LCOR-282,27.6,2,,,,,,,,,,,,,,,,,,,,,
5,5,LCOR-027,23.4,3,,,,,,,,,,,,,,,,,,,,,
6,5,LCOR-573,23.3,1,,,,,,,,,,,,,,,,,,,,,
7,5,LCOR-068,26.6,4,,,,,,,,,,,,,,,,,,,,,
8,5,LCOR-575,30,1,,,,,,,,,,,,,,,,,,,,,
9,5,LCOR-346,30.5,1,,,,,,,,,,,,,,,,,,,,,
10,5,LCOR-092,23.6,1,,,,,,,,,,,,,,,,,,,,,
11,5,LCOR-142,23.2,2,,,,,,,,,,,,,,,,,,,,,
12,5,LCOR-563,23.5,3,,,,,,,,,,,,,,,,,,,,,
13,5,LCOR-353,,,,,,,,,,,,,,,,,,,,,,,
14,5,LCOR-314,25.2,1,,,,,,,,,,,,,,,,,,,,,
15,5,LCOR-042,25.1,1,,,,,,,,,,,,,,,,,,,,,
16,5,LCOR-1059,,,,,,,,,,,,,,,,,,,,,,,
1,6,LCOR-1003,,,,,,,,,,,,,,,,,,,,,,,
2,6,LCOR-577,32.8,1,,,,,,,,,,,,,,,,,,,,,
3,6,LCOR-069,26.4,4,,,,,,,,,,,,,,,,,,,,,
4,6,LCOR-043,24.8,2,,,,,,,,,,,,,,,,,,,,,
5,6,LCOR-062,22.5,2,,,,,,,,,,,,,,,,,,,,,
6,6,LCOR-135,31.2,1,,,,,,,,,,,,,,,,,,,,,
7,6,LCOR-003,27.4,1,,,,,,,,,,,,,,,,,,,,,
8,6,LCOR-191,26.9,2,,,,,,,,,,,,,,,,,,,,,
9,6,LCOR-310,35.2,1,,,,,,,,,,,,,,,,,,,,,
10,6,LCOR-251,31,2,,,,,,,,,,,,,,,,,,,,,
11,6,LCOR-358,29.9,3,,,,,,,,,,,,,,,,,,,,,
12,6,LCOR-363,25.4,2,,,,,,,,,,,,,,,,,,,,,
13,6,LCOR-355,23.7,2,,,,,,,,,,,,,,,,,,,,,
14,6,LCOR-472,30.1,1,,,,,,,,,,,,,,,,,,,,,
15,6,LCOR-421,30.3,2,,,,,,,,,,,,,,,,,,,,,
16,6,LCOR-1102,,,,,,,,,,,,,,,,,,,,,,,
1,7,LCOR-1004,,,,,,,,,,,,,,,,,,,,,,,
2,7,LCOR-177,31.1,1,,,,,,,,,,,,,,,,,,,,,
3,7,LCOR-073,32.5,1,,,,,,,,,,,,,,,,,,,,,
4,7,LCOR-510,26,2,,,,,,,,,,,,,,,,,,,,,
5,7,LCOR-474,26.5,1,,,,,,,,,,,,,,,,,,,,,
6,7,LCOR-181,28.9,1,,,,,,,,,,,,,,,,,,,,,
7,7,LCOR-148,33.4,1,,,,,,,,,,,,,,,,,,,,,
8,7,LCOR-400,32.9,1,,,,,,,,,,,,,,,,,,,,,
9,7,LCOR-530,28.2,1,,,,,,,,,,,,,,,,,,,,,
10,7,LCOR-587,,,,,,,,,,,,,,,,,,,,,,,
11,7,LCOR-005,,,,,,,,,,,,,,,,,,,,,,,
12,7,LCOR-094,34.8,0,,,,,,,,,,,,,,,,,,,,,
13,7,LCOR-296,29.9,1,,,,,,,,,,,,,,,,,,,,,
14,7,LCOR-265,23.2,2,,,,,,,,,,,,,,,,,,,,,
15,7,LCOR-198,21.2,4,,,,,,,,,,,,,,,,,,,,,
16,7,LCOR-1111,,,,,,,,,,,,,,,,,,,,,,,
1,8,LCOR-1005,,,,,,,,,,,,,,,,,,,,,,,
2,8,LCOR-179,25.2,1,,,,,,,,,,,,,,,,,,,,,
3,8,LCOR-036,25.6,1,,,,,,,,,,,,,,,,,,,,,
4,8,LCOR-279,29.6,1,,,,,,,,,,,,,,,,,,,,,
5,8,LCOR-078,31.2,1,,,,,,,,,,,,,,,,,,,,,
6,8,LCOR-582,33.5,0,,,,,,,,,,,,,,,,,,,,,
7,8,LCOR-385,33.7,0,,,,,,,,,,,,,,,,,,,,,
8,8,LCOR-250,31.8,0,,,,,,,,,,,,,,,,,,,,,
9,8,LCOR-034,21.7,2,,,,,,,,,,,,,,,,,,,,,
10,8,LCOR-255,23.6,2,,,,,,,,,,,,,,,,,,,,,
11,8,LCOR-238,23.9,4,,,,,,,,,,,,,,,,,,,,,
12,8,LCOR-254,26.7,1,,,,,,,,,,,,,,,,,,,,,
13,8,LCOR-469,28.5,3,,,,,,,,,,,,,,,,,,,,,
14,8,LCOR-167,27.3,3,,,,,,,,,,,,,,,,,,,,,
15,8,LCOR-274,26.8,2,,,,,,,,,,,,,,,,,,,,,
16,8,LCOR-1114,,,,,,,,,,,,,,,,,,,,,,,
1,9,LCOR-1006,,,,,,,,,,,,,,,,,,,,,,,
2,9,LCOR-581,33.1,0,,,,,,,,,,,,,,,,,,,,,
3,9,LCOR-001,26.5,1,,,,,,,,,,,,,,,,,,,,,
4,9,LCOR-342,20.5,2,,,,,,,,,,,,,,,,,,,,,
5,9,LCOR-471,27,1,,,,,,,,,,,,,,,,,,,,,
6,9,LCOR-380,29,1,,,,,,,,,,,,,,,,,,,,,
7,9,LCOR-076,30.5,1,,,,,,,,,,,,,,,,,,,,,
8,9,LCOR-163,30.2,1,,,,,,,,,,,,,,,,,,,,,
9,9,LCOR-609,,,,,,,,,,,,,,,,,,,,,,,
10,9,LCOR-217,18.9,2,,,,,,,,,,,,,,,,,,,,,
11,9,LCOR-231,30.4,0,,,,,,,,,,,,,,,,,,,,,
12,9,LCOR-075,30.2,1,,,,,,,,,,,,,,,,,,,,,
13,9,LCOR-504,26.7,2,,,,,,,,,,,,,,,,,,,,,
14,9,LCOR-511,32.4,0,,,,,,,,,,,,,,,,,,,,,
15,9,LCOR-041,37.7,0,,,,,,,,,,,,,,,,,,,,,
16,9,LCOR-1121,,,,,,,,,,,,,,,,,,,,,,,
1,10,LCOR-1007,,,,,,,,,,,,,,,,,,,,,,,
2,10,LCOR-1029,,,,,,,,,,,,,,,,,,,,,,,
3,10,LCOR-023,29.4,1,,,,,,,,,,,,,,,,,,,,,
4,10,LCOR-020,28.2,1,,,,,,,,,,,,,,,,,,,,,
5,10,LCOR-010,25.3,2,,,,,,,,,,,,,,,,,,,,,
6,10,LCOR-292,24.4,2,,,,,,,,,,,,,,,,,,,,,
7,10,LCOR-420,23.3,1,,,,,,,,,,,,,,,,,,,,,
8,10,LCOR-157,26.1,2,,,,,,,,,,,,,,,,,,,,,
9,10,LCOR-226,,,,,,,,,,,,,,,,,,,,,,,
10,10,LCOR-263,21.9,2,,,,,,,,,,,,,,,,,,,,,
11,10,LCOR-018,29.4,1,,,,,,,,,,,,,,,,,,,,,
12,10,LCOR-286,36,1,,,,,,,,,,,,,,,,,,,,,
13,10,LCOR-133,23.3,4,,,,,,,,,,,,,,,,,,,,,
14,10,LCOR-039,28.5,1,,,,,,,,,,,,,,,,,,,,,
15,10,LCOR-203,21,1,,,,,,,,,,,,,,,,,,,,,
16,10,LCOR-1131,,,,,,,,,,,,,,,,,,,,,,,
1,11,LCOR-1008,,,,,,,,,,,,,,,,,,,,,,,
2,11,LCOR-164,26.5,1,,,,,,,,,,,,,,,,,,,,,
3,11,LCOR-529,25.9,1,,,,,,,,,,,,,,,,,,,,,
4,11,LCOR-386,28.7,1,,,,,,,,,,,,,,,,,,,,,
5,11,LCOR-028,21.1,1,,,,,,,,,,,,,,,,,,,,,
6,11,LCOR-527,27.5,2,,,,,,,,,,,,,,,,,,,,,
7,11,LCOR-141,,,,,,,,,,,,,,,,,,,,,,,
8,11,LCOR-150,25.1,1,,,,,,,,,,,,,,,,,,,,,
9,11,LCOR-233,30.3,0,,,,,,,,,,,,,,,,,,,,,
10,11,LCOR-161,38.6,0,,,,,,,,,,,,,,,,,,,,,
11,11,LCOR-019,33.5,1,,,,,,,,,,,,,,,,,,,,,
12,11,LCOR-360,22.1,3,,,,,,,,,,,,,,,,,,,,,
13,11,LCOR-289,33.7,1,,,,,,,,,,,,,,,,,,,,,
14,11,LCOR-040,31.9,2,,,,,,,,,,,,,,,,,,,,,
15,11,LCOR-324,,,,,,,,,,,,,,,,,,,,,,,
16,11,LCOR-1139,,,,,,,,,,,,,,,,,,,,,,,
1,12,LCOR-1009,,,,,,,,,,,,,,,,,,,,,,,
2,12,LCOR-180,22.7,1,,,,,,,,,,,,,,,,,,,,,
3,12,LCOR-403,24.7,1,,,,,,,,,,,,,,,,,,,,,
4,12,LCOR-364,23.7,2,,,,,,,,,,,,,,,,,,,,,
5,12,LCOR-277,33.5,1,,,,,,,,,,,,,,,,,,,,,
6,12,LCOR-115,,,,,,,,,,,,,,,,,,,,,,,
7,12,LCOR-111,23.4,2,,,,,,,,,,,,,,,,,,,,,
8,12,LCOR-303,21,2,,,,,,,,,,,,,,,,,,,,,
9,12,LCOR-588,35.4,1,,,,,,,,,,,,,,,,,,,,,
10,12,LCOR-561,31.4,1,,,,,,,,,,,,,,,,,,,,,
11,12,LCOR-035,29.7,1,,,,,,,,,,,,,,,,,,,,,
12,12,LCOR-241,32.4,1,,,,,,,,,,,,,,,,,,,,,
13,12,LCOR-218,39.4,0,,,,,,,,,,,,,,,,,,,,,
14,12,LCOR-002,43.6,0,,,,,,,,,,,,,,,,,,,,,
15,12,LCOR-026,23.3,3,,,,,,,,,,,,,,,,,,,,,
16,12,LCOR-1201,,,,,,,,,,,,,,,,,,,,,,,
1,13,LCOR-1010,,,,,,,,,,,,,,,,,,,,,,,
2,13,LCOR-066,25.5,1,,,,,,,,,,,,,,,,,,,,,
3,13,LCOR-423,33,1,,,,,,,,,,,,,,,,,,,,,
4,13,LCOR-200,28.1,1,,,,,,,,,,,,,,,,,,,,,
5,13,LCOR-332,,,,,,,,,,,,,,,,,,,,,,,
6,13,LCOR-137,27.2,1,,,,,,,,,,,,,,,,,,,,,
7,13,LCOR-338,30,0,,,,,,,,,,,,,,,,,,,,,
8,13,LCOR-544,24,1,,,,,,,,,,,,,,,,,,,,,
9,13,LCOR-320,25.9,1,,,,,,,,,,,,,,,,,,,,,
10,13,LCOR-077,33.8,0,,,,,,,,,,,,,,,,,,,,,
11,13,LCOR-593,,,,,,,,,,,,,,,,,,,,,,,
12,13,LCOR-088,33.4,0,,,,,,,,,,,,,,,,,,,,,
13,13,LCOR-030,33.5,0,,,,,,,,,,,,,,,,,,,,,
14,13,LCOR-156,38.6,0,,,,,,,,,,,,,,,,,,,,,
15,13,LCOR-051,21,4,,,,,,,,,,,,,,,,,,,,,
16,13,LCOR-1203,,,,,,,,,,,,,,,,,,,,,,,
1,14,LCOR-1011,,,,,,,,,,,,,,,,,,,,,,,
2,14,LCOR-060,26.9,1,,,,,,,,,,,,,,,,,,,,,
3,14,LCOR-604,23,1,,,,,,,,,,,,,,,,,,,,,
4,14,LCOR-368,20.7,3,,,,,,,,,,,,,,,,,,,,,
5,14,LCOR-046,30.8,1,,,,,,,,,,,,,,,,,,,,,
6,14,LCOR-031,30.3,1,,,,,,,,,,,,,,,,,,,,,
7,14,LCOR-347,32.7,2,,,,,,,,,,,,,,,,,,,,,
8,14,LCOR-176,24.5,1,,,,,,,,,,,,,,,,,,,,,
9,14,LCOR-269,30.5,1,,,,,,,,,,,,,,,,,,,,,
10,14,LCOR-147,35.7,1,,,,,,,,,,,,,,,,,,,,,
11,14,LCOR-257,28.8,1,,,,,,,,,,,,,,,,,,,,,
12,14,LCOR-256,30.8,1,,,,,,,,,,,,,,,,,,,,,
13,14,LCOR-014,35.4,0,,,,,,,,,,,,,,,,,,,,,
14,14,LCOR-091,22.4,3,,,,,,,,,,,,,,,,,,,,,
15,14,LCOR-264,22.1,4,,,,,,,,,,,,,,,,,,,,,
16,14,LCOR-1206,,,,,,,,,,,,,,,,,,,,,,,
1,15,LCOR-116,,,,,,,,,,,,,,,,,,,,,,,
2,15,LCOR-486,25.1,2,,,,,,,,,,,,,,,,,,,,,
3,15,LCOR-174,,,,,,,,,,,,,,,,,,,,,,,
4,15,LCOR-357,22.5,1,,,,,,,,,,,,,,,,,,,,,
5,15,LCOR-473,31.9,0,,,,,,,,,,,,,,,,,,,,,
6,15,LCOR-525,29.9,1,,,,,,,,,,,,,,,,,,,,,
7,15,LCOR-437,30.9,1,,,,,,,,,,,,,,,,,,,,,
8,15,LCOR-550,23.6,1,,,,,,,,,,,,,,,,,,,,,
9,15,LCOR-307,29.6,1,,,,,,,,,,,,,,,,,,,,,
10,15,LCOR-449,29.2,1,,,,,,,,,,,,,,,,,,,,,
11,15,LCOR-507,26.4,2,,,,,,,,,,,,,,,,,,,,,
12,15,LCOR-154,31.3,1,,,,,,,,,,,,,,,,,,,,,
13,15,LCOR-562,22,3,,,,,,,,,,,,,,,,,,,,,
14,15,LCOR-334,,,,,,,,,,,,,,,,,,,,,,,
15,15,LCOR-393,21.4,1,,,,,,,,,,,,,,,,,,,,,
16,15,LCOR-1070,,,,,,,,,,,,,,,,,,,,,,,
1,16,LCOR-442,20.3,1,,,,,,,,,,,,,,,,,,,,,
2,16,LCOR-247,23,1,,,,,,,,,,,,,,,,,,,,,
3,16,LCOR-611,29.3,1,,,,,,,,,,,,,,,,,,,,,
4,16,LCOR-327,,,,,,,,,,,,,,,,,,,,,,,
5,16,LCOR-528,23.9,1,,,,,,,,,,,,,,,,,,,,,
6,16,LCOR-072,30.2,0,,,,,,,,,,,,,,,,,,,,,
7,16,LCOR-610,30.9,0,,,,,,,,,,,,,,,,,,,,,
8,16,LCOR-516,19.4,1,,,,,,,,,,,,,,,,,,,,,
9,16,LCOR-280,23,1,,,,,,,,,,,,,,,,,,,,,
10,16,LCOR-033,27.4,1,,,,,,,,,,,,,,,,,,,,,
11,16,LCOR-331,,,,,,,,,,,,,,,,,,,,,,,
12,16,LCOR-372,30.2,2,,,,,,,,,,,,,,,,,,,,,
13,16,LCOR-105,30.3,2,,,,,,,,,,,,,,,,,,,,,
14,16,LCOR-352,23.8,1,,,,,,,,,,,,,,,,,,,,,
15,16,LCOR-614,21.6,3,,,,,,,,,,,,,,,,,,,,,
16,16,LCOR-1035,,,,,,,,,,,,,,,,,,,,,,,
1,17,LCOR-376,25.3,1,,,,,,,,,,,,,,,,,,,,,
2,17,LCOR-016,23.9,1,,,,,,,,,,,,,,,,,,,,,
3,17,LCOR-132,26.2,2,,,,,,,,,,,,,,,,,,,,,
4,17,LCOR-574,24.2,3,,,,,,,,,,,,,,,,,,,,,
5,17,LCOR-079,26.5,3,,,,,,,,,,,,,,,,,,,,,
6,17,LCOR-458,24.3,1,,,,,,,,,,,,,,,,,,,,,
7,17,LCOR-411,25.8,1,,,,,,,,,,,,,,,,,,,,,
8,17,LCOR-394,24.3,1,,,,,,,,,,,,,,,,,,,,,
9,17,LCOR-275,18.2,2,,,,,,,,,,,,,,,,,,,,,
10,17,LCOR-601,,,,,,,,,,,,,,,,,,,,,,,
11,17,LCOR-252,,,,,,,,,,,,,,,,,,,,,,,
12,17,LCOR-134,NA,5,"All leaves dead, not collected",,,,,,,,,,,,,,,,,,,,
13,17,LCOR-502,28.1,2,,,,,,,,,,,,,,,,,,,,,
14,17,LCOR-481,21,3,,,,,,,,,,,,,,,,,,,,,
15,17,LCOR-271,24.6,2,,,,,,,,,,,,,,,,,,,,,
16,17,LCOR-1062,,,,,,,,,,,,,,,,,,,,,,,
1,18,LCOR-377,26.7,1,,,,,,,,,,,,,,,,,,,,,
2,18,LCOR-058,26.9,3,,,,,,,,,,,,,,,,,,,,,
3,18,LCOR-052,29.2,1,,,,,,,,,,,,,,,,,,,,,
4,18,LCOR-475,24.9,1,,,,,,,,,,,,,,,,,,,,,
5,18,LCOR-085,26.5,3,,,,,,,,,,,,,,,,,,,,,
6,18,LCOR-351,25.8,3,,,,,,,,,,,,,,,,,,,,,
7,18,LCOR-053,,,,,,,,,,,,,,,,,,,,,,,
8,18,LCOR-302,,,,,,,,,,,,,,,,,,,,,,,
9,18,LCOR-1069,,,,,,,,,,,,,,,,,,,,,,,
10,18,LCOR-306,25.7,1,,,,,,,,,,,,,,,,,,,,,
11,18,LCOR-392,29.4,3,,,,,,,,,,,,,,,,,,,,,
12,18,LCOR-243,22.6,2,,,,,,,,,,,,,,,,,,,,,
13,18,LCOR-572,22.2,2,,,,,,,,,,,,,,,,,,,,,
14,18,LCOR-463,22.1,3,,,,,,,,,,,,,,,,,,,,,
15,18,LCOR-260,25.4,1,,,,,,,,,,,,,,,,,,,,,
16,18,LCOR-1077,,,,,,,,,,,,,,,,,,,,,,,
1,19,LCOR-548,27.5,1,,,,,,,,,,,,,,,,,,,,,
2,19,LCOR-057,,,,,,,,,,,,,,,,,,,,,,,
3,19,LCOR-406,NA,5,"All leaves dead, not collected",,,,,,,,,,,,,,,,,,,,
4,19,LCOR-089,22.2,4,,,,,,,,,,,,,,,,,,,,,
5,19,LCOR-491,22.9,1,,,,,,,,,,,,,,,,,,,,,
6,19,LCOR-121,,,,,,,,,,,,,,,,,,,,,,,
7,19,LCOR-585,23.1,3,,,,,,,,,,,,,,,,,,,,,
8,19,LCOR-554,28.2,3,,,,,,,,,,,,,,,,,,,,,
9,19,LCOR-152,24.5,1,,,,,,,,,,,,,,,,,,,,,
10,19,LCOR-558,23,2,,,,,,,,,,,,,,,,,,,,,
11,19,LCOR-138,23.6,1,,,,,,,,,,,,,,,,,,,,,
12,19,LCOR-383,26.2,2,,,,,,,,,,,,,,,,,,,,,
13,19,LCOR-568,21,3,,,,,,,,,,,,,,,,,,,,,
14,19,LCOR-080,22.5,1,,,,,,,,,,,,,,,,,,,,,
15,19,LCOR-391,25.4,2,,,,,,,,,,,,,,,,,,,,,
16,19,LCOR-1086,,,,,,,,,,,,,,,,,,,,,,,
1,20,LCOR-553,22,2,,,,,,,,,,,,,,,,,,,,,
2,20,LCOR-162,27.5,1,,,,,,,,,,,,,,,,,,,,,
3,20,LCOR-242,29.5,1,,,,,,,,,,,,,,,,,,,,,
4,20,LCOR-330,,,,,,,,,,,,,,,,,,,,,,,
5,20,LCOR-166,24.3,1,,,,,,,,,,,,,,,,,,,,,
6,20,LCOR-512,,,,,,,,,,,,,,,,,,,,,,,
7,20,LCOR-059,29,1,,,,,,,,,,,,,,,,,,,,,
8,20,LCOR-101,27.8,2,,,,,,,,,,,,,,,,,,,,,
9,20,LCOR-067,27.7,1,,,,,,,,,,,,,,,,,,,,,
10,20,LCOR-1100,,,,,,,,,,,,,,,,,,,,,,,
11,20,LCOR-103,18.2,2,,,,,,,,,,,,,,,,,,,,,
12,20,LCOR-230,20.2,3,,,,,,,,,,,,,,,,,,,,,
13,20,LCOR-534,26.1,2,,,,,,,,,,,,,,,,,,,,,
14,20,LCOR-261,22.7,1,,,,,,,,,,,,,,,,,,,,,
15,20,LCOR-493,19,1,,,,,,,,,,,,,,,,,,,,,
16,20,LCOR-1087,,,,,,,,,,,,,,,,,,,,,,,
1,21,LCOR-468,29.9,3,,,,,,,,,,,,,,,,,,,,,
2,21,LCOR-098,28.9,1,,,,,,,,,,,,,,,,,,,,,
3,21,LCOR-482,25.4,1,,,,,,,,,,,,,,,,,,,,,
4,21,LCOR-350,21.5,1,,,,,,,,,,,,,,,,,,,,,
5,21,LCOR-129,17.4,2,,,,,,,,,,,,,,,,,,,,,
6,21,LCOR-012,23.8,1,,,,,,,,,,,,,,,,,,,,,
7,21,LCOR-248,28.3,2,,,,,,,,,,,,,,,,,,,,,
8,21,LCOR-476,28.9,2,,,,,,,,,,,,,,,,,,,,,
9,21,LCOR-584,22.9,1,,,,,,,,,,,,,,,,,,,,,
10,21,LCOR-518,22.8,3,,,,,,,,,,,,,,,,,,,,,
11,21,LCOR-450,28.5,2,,,,,,,,,,,,,,,,,,,,,
12,21,LCOR-017,20.6,1,,,,,,,,,,,,,,,,,,,,,
13,21,LCOR-495,23.6,3,,,,,,,,,,,,,,,,,,,,,
14,21,LCOR-144,25,3,,,,,,,,,,,,,,,,,,,,,
15,21,LCOR-204,22.6,1,,,,,,,,,,,,,,,,,,,,,
16,21,LCOR-1142,,,,,,,,,,,,,,,,,,,,,,,
1,22,LCOR-470,32.6,1,,,,,,,,,,,,,,,,,,,,,
2,22,LCOR-616,30.2,1,,,,,,,,,,,,,,,,,,,,,
3,22,LCOR-245,NA,5,"All leaves dead, not collected",,,,,,,,,,,,,,,,,,,,
4,22,LCOR-165,17.1,3,,,,,,,,,,,,,,,,,,,,,
5,22,LCOR-209,17.8,3,,,,,,,,,,,,,,,,,,,,,
6,22,LCOR-340,23.2,1,,,,,,,,,,,,,,,,,,,,,
7,22,LCOR-326,,,,,,,,,,,,,,,,,,,,,,,
8,22,LCOR-149,25.3,1,,,,,,,,,,,,,,,,,,,,,
9,22,LCOR-1015,,,,,,,,,,,,,,,,,,,,,,,
10,22,LCOR-169,26.7,2,,,,,,,,,,,,,,,,,,,,,
11,22,LCOR-063,29.3,2,,,,,,,,,,,,,,,,,,,,,
12,22,LCOR-483,20.3,1,,,,,,,,,,,,,,,,,,,,,
13,22,LCOR-514,25.2,2,,,,,,,,,,,,,,,,,,,,,
14,22,LCOR-266,24.3,4,,,,,,,,,,,,,,,,,,,,,
15,22,LCOR-122,,,,,,,,,,,,,,,,,,,,,,,
16,22,LCOR-1148,,,,,,,,,,,,,,,,,,,,,,,
1,23,LCOR-485,31.8,0,,,,,,,,,,,,,,,,,,,,,
2,23,LCOR-398,27,1,,,,,,,,,,,,,,,,,,,,,
3,23,LCOR-171,21.2,2,,,,,,,,,,,,,,,,,,,,,
4,23,LCOR-422,NA,5,"All leaves dead, not collected",,,,,,,,,,,,,,,,,,,,
5,23,LCOR-319,24.1,1,,,,,,,,,,,,,,,,,,,,,
6,23,LCOR-106,25,4,,,,,,,,,,,,,,,,,,,,,
7,23,LCOR-445,21.2,1,,,,,,,,,,,,,,,,,,,,,
8,23,LCOR-401,30.1,1,,,,,,,,,,,,,,,,,,,,,
9,23,LCOR-291,28.6,1,,,,,,,,,,,,,,,,,,,,,
10,23,LCOR-207,27.6,2,,,,,,,,,,,,,,,,,,,,,
11,23,LCOR-090,29.7,1,,,,,,,,,,,,,,,,,,,,,
12,23,LCOR-015,28.6,1,,,,,,,,,,,,,,,,,,,,,
13,23,LCOR-202,24.2,1,,,,,,,,,,,,,,,,,,,,,
14,23,LCOR-290,30.3,1,,,,,,,,,,,,,,,,,,,,,
15,23,LCOR-333,,,,,,,,,,,,,,,,,,,,,,,
16,23,LCOR-1155,,,,,,,,,,,,,,,,,,,,,,,
1,24,LCOR-489,30.5,2,,,,,,,,,,,,,,,,,,,,,
2,24,LCOR-178,23.9,2,,,,,,,,,,,,,,,,,,,,,
3,24,LCOR-367,27.4,2,,,,,,,,,,,,,,,,,,,,,
4,24,LCOR-608,25,4,,,,,,,,,,,,,,,,,,,,,
5,24,LCOR-229,24.9,1,,,,,,,,,,,,,,,,,,,,,
6,24,LCOR-503,24,3,,,,,,,,,,,,,,,,,,,,,
7,24,LCOR-339,23.1,1,,,,,,,,,,,,,,,,,,,,,
8,24,LCOR-348,26.4,1,,,,,,,,,,,,,,,,,,,,,
9,24,LCOR-182,20.2,2,,,,,,,,,,,,,,,,,,,,,
10,24,LCOR-546,25.3,1,,,,,,,,,,,,,,,,,,,,,
11,24,LCOR-212,31.4,1,,,,,,,,,,,,,,,,,,,,,
12,24,LCOR-404,34.6,2,,,,,,,,,,,,,,,,,,,,,
13,24,LCOR-084,32.2,1,,,,,,,,,,,,,,,,,,,,,
14,24,LCOR-309,25.7,3,,,,,,,,,,,,,,,,,,,,,
15,24,LCOR-318,27.6,1,,,,,,,,,,,,,,,,,,,,,
16,24,LCOR-1162,,,,,,,,,,,,,,,,,,,,,,,
1,25,LCOR-214,33.5,0,,,,,,,,,,,,,,,,,,,,,
2,25,LCOR-192,27.7,1,,,,,,,,,,,,,,,,,,,,,
3,25,LCOR-130,19.1,2,,,,,,,,,,,,,,,,,,,,,
4,25,LCOR-606,23.3,2,,,,,,,,,,,,,,,,,,,,,
5,25,LCOR-022,29.3,2,,,,,,,,,,,,,,,,,,,,,
6,25,LCOR-434,26.9,1,,,,,,,,,,,,,,,,,,,,,
7,25,LCOR-160,24.8,2,,,,,,,,,,,,,,,,,,,,,
8,25,LCOR-199,23.2,2,,,,,,,,,,,,,,,,,,,,,
9,25,LCOR-506,22.2,2,,,,,,,,,,,,,,,,,,,,,
10,25,LCOR-049,21.5,2,,,,,,,,,,,,,,,,,,,,,
11,25,LCOR-065,28.3,2,,,,,,,,,,,,,,,,,,,,,
12,25,LCOR-055,28.7,1,,,,,,,,,,,,,,,,,,,,,
13,25,LCOR-448,28.6,2,,,,,,,,,,,,,,,,,,,,,
14,25,LCOR-379,27.9,1,,,,,,,,,,,,,,,,,,,,,
15,25,LCOR-301,24.2,2,,,,,,,,,,,,,,,,,,,,,
16,25,LCOR-1180,,,,,,,,,,,,,,,,,,,,,,,
1,26,LCOR-462,32.7,1,,,,,,,,,,,,,,,,,,,,,
2,26,LCOR-293,31.8,1,,,,,,,,,,,,,,,,,,,,,
3,26,LCOR-605,22,2,,,,,,,,,,,,,,,,,,,,,
4,26,LCOR-170,26.7,2,,,,,,,,,,,,,,,,,,,,,
5,26,LCOR-487,19.2,3,,,,,,,,,,,,,,,,,,,,,
6,26,LCOR-278,21.5,3,,,,,,,,,,,,,,,,,,,,,
7,26,LCOR-613,28,1,,,,,,,,,,,,,,,,,,,,,
8,26,LCOR-300,22.7,2,,,,,,,,,,,,,,,,,,,,,
9,26,LCOR-341,16.1,3,,,,,,,,,,,,,,,,,,,,,
10,26,LCOR-095,13.5,3,,,,,,,,,,,,,,,,,,,,,
11,26,LCOR-361,26.4,2,,,,,,,,,,,,,,,,,,,,,
12,26,LCOR-387,20.9,4,,,,,,,,,,,,,,,,,,,,,
13,26,LCOR-356,29.8,1,,,,,,,,,,,,,,,,,,,,,
14,26,LCOR-484,29,1,,,,,,,,,,,,,,,,,,,,,
15,26,LCOR-508,23.9,3,,,,,,,,,,,,,,,,,,,,,
16,26,LCOR-1178,,,,,,,,,,,,,,,,,,,,,,,
1,27,LCOR-533,32.1,2,,,,,,,,,,,,,,,,,,,,,
2,27,LCOR-441,29.8,1,,,,,,,,,,,,,,,,,,,,,
3,27,LCOR-126,,,,,,,,,,,,,,,,,,,,,,,
4,27,LCOR-399,23.6,1,,,,,,,,,,,,,,,,,,,,,
5,27,LCOR-323,,,,,,,,,,,,,,,,,,,,,,,
6,27,LCOR-061,,,,,,,,,,,,,,,,,,,,,,,
7,27,LCOR-197,28.1,3,,,,,,,,,,,,,,,,,,,,,
8,27,LCOR-373,21.7,3,,,,,,,,,,,,,,,,,,,,,
9,27,LCOR-206,NA,5,"All leaves dead, not collected",,,,,,,,,,,,,,,,,,,,
10,27,LCOR-322,23.6,3,,,,,,,,,,,,,,,,,,,,,
11,27,LCOR-048,24.8,3,,,,,,,,,,,,,,,,,,,,,
12,27,LCOR-175,26.8,2,,,,,,,,,,,,,,,,,,,,,
13,27,LCOR-295,28.6,1,,,,,,,,,,,,,,,,,,,,,
14,27,LCOR-388,23.4,2,,,,,,,,,,,,,,,,,,,,,
15,27,LCOR-429,23.6,2,,,,,,,,,,,,,,,,,,,,,
16,27,LCOR-1016,,,,,,,,,,,,,,,,,,,,,,,
1,28,LCOR-537,22.7,3,,,,,,,,,,,,,,,,,,,,,
2,28,LCOR-276,28,1,,,,,,,,,,,,,,,,,,,,,
3,28,LCOR-086,24.2,3,,,,,,,,,,,,,,,,,,,,,
4,28,LCOR-425,23.6,2,,,,,,,,,,,,,,,,,,,,,
5,28,LCOR-596,,,,,,,,,,,,,,,,,,,,,,,
6,28,LCOR-227,27.4,2,,,,,,,,,,,,,,,,,,,,,
7,28,LCOR-335,,,,,,,,,,,,,,,,,,,,,,,
8,28,LCOR-128,18.6,4,,,,,,,,,,,,,,,,,,,,,
9,28,LCOR-551,23.9,2,,,,,,,,,,,,,,,,,,,,,
10,28,LCOR-337,26.9,2,,,,,,,,,,,,,,,,,,,,,
11,28,LCOR-096,28.6,3,,,,,,,,,,,,,,,,,,,,,
12,28,LCOR-405,26.2,2,,,,,,,,,,,,,,,,,,,,,
13,28,LCOR-559,27.7,2,,,,,,,,,,,,,,,,,,,,,
14,28,LCOR-1018,,,,,,,,,,,,,,,,,,,,,,,
15,28,LCOR-083,27.9,3,,,,,,,,,,,,,,,,,,,,,
16,28,LCOR-1020,,,,,,,,,,,,,,,,,,,,,,,
1,29,LCOR-024,24.9,2,,,,,,,,,,,,,,,,,,,,,
2,29,LCOR-557,18.5,2,,,,,,,,,,,,,,,,,,,,,
3,29,LCOR-297,24,3,,,,,,,,,,,,,,,,,,,,,
4,29,LCOR-381,26.4,2,,,,,,,,,,,,,,,,,,,,,
5,29,LCOR-382,21.8,1,,,,,,,,,,,,,,,,,,,,,
6,29,LCOR-185,22.7,3,,,,,,,,,,,,,,,,,,,,,
7,29,LCOR-044,20.9,3,,,,,,,,,,,,,,,,,,,,,
8,29,LCOR-600,,,,,,,,,,,,,,,,,,,,,,,
9,29,LCOR-127,27.6,2,,,,,,,,,,,,,,,,,,,,,
10,29,LCOR-1048,,,,,,,,,,,,,,,,,,,,,,,
11,29,LCOR-1054,,,,,,,,,,,,,,,,,,,,,,,
12,29,LCOR-1049,,,,,,,,,,,,,,,,,,,,,,,
13,29,LCOR-1103,,,,,,,,,,,,,,,,,,,,,,,
14,29,LCOR-1122,,,,,,,,,,,,,,,,,,,,,,,
15,29,LCOR-1124,,,,,,,,,,,,,,,,,,,,,,,
16,29,LCOR-1134,,,,,,,,,,,,,,,,,,,,,,,
1,30,LCOR-424,25,3,,,,,,,,,,,,,,,,,,,,,
2,30,LCOR-1025,,,,,,,,,,,,,,,,,,,,,,,
3,30,LCOR-583,35,2,,,,,,,,,,,,,,,,,,,,,
4,30,LCOR-093,24.2,2,,,,,,,,,,,,,,,,,,,,,
5,30,LCOR-281,23,2,,,,,,,,,,,,,,,,,,,,,
6,30,LCOR-1073,,,,,,,,,,,,,,,,,,,,,,,
7,30,LCOR-1082,,,,,,,,,,,,,,,,,,,,,,,
8,30,LCOR-1095,,,,,,,,,,,,,,,,,,,,,,,
9,30,LCOR-1244,,,,,,,,,,,,,,,,,,,,,,,
10,30,LCOR-1052,,,,,,,,,,,,,,,,,,,,,,,
11,30,LCOR-1202,,,,,,,,,,,,,,,,,,,,,,,
12,30,LCOR-1210,,,,,,,,,,,,,,,,,,,,,,,
13,30,LCOR-1154,,,,,,,,,,,,,,,,,,,,,,,
14,30,LCOR-1099,,,,,,,,,,,,,,,,,,,,,,,
15,30,LCOR-1140,,,,,,,,,,,,,,,,,,,,,,,
16,30,LCOR-1161,,,,,,,,,,,,,,,,,,,,,,,
1,44,LCOR-1028,,,,,,,,,,,,,,,,,,,,,,,
2,44,LCOR-1169,,,,,,,,,,,,,,,,,,,,,,,
3,44,LCOR-1245,,,,,,,,,,,,,,,,,,,,,,,
4,44,LCOR-1014,,,,,,,,,,,,,,,,,,,,,,,
5,44,LCOR-1034,,,,,,,,,,,,,,,,,,,,,,,
6,44,LCOR-1118,,,,,,,,,,,,,,,,,,,,,,,
7,44,LCOR-1129,,,,,,,,,,,,,,,,,,,,,,,
8,44,LCOR-1136,,,,,,,,,,,,,,,,,,,,,,,
9,44,LCOR-1151,,,,,,,,,,,,,,,,,,,,,,,
10,44,LCOR-1159,,,,,,,,,,,,,,,,,,,,,,,
11,44,LCOR-1160,,,,,,,,,,,,,,,,,,,,,,,
12,44,LCOR-1193,,,,,,,,,,,,,,,,,,,,,,,
13,44,LCOR-1249,,,,,,,,,,,,,,,,,,,,,,,
14,44,LCOR-1261,,,,,,,,,,,,,,,,,,,,,,,
15,44,LCOR-1237,,,,,,,,,,,,,,,,,,,,,,,
16,44,LCOR-1135,,,,,,,,,,,,,,,,,,,,,,,
1,45,LCOR-1039,,,,,,,,,,,,,,,,,,,,,,,
2,45,LCOR-599,,,,,,,,,,,,,,,,,,,,,,,
3,45,LCOR-316,27.9,1,,,,,,,,,,,,,,,,,,,,,
4,45,LCOR-100,28.3,1,,,,,,,,,,,,,,,,,,,,,
5,45,LCOR-304,32.5,3,,,,,,,,,,,,,,,,,,,,,
6,45,LCOR-494,23,2,,,,,,,,,,,,,,,,,,,,,
7,45,LCOR-439,27.3,1,,,,,,,,,,,,,,,,,,,,,
8,45,LCOR-378,29.7,1,,,,,,,,,,,,,,,,,,,,,
9,45,LCOR-595,,,,,,,,,,,,,,,,,,,,,,,
10,45,LCOR-1239,,,,,,,,,,,,,,,,,,,,,,,
11,45,LCOR-371,36.9,0,,,,,,,,,,,,,,,,,,,,,
12,45,LCOR-234,36,0,,,,,,,,,,,,,,,,,,,,,
13,45,LCOR-461,33,1,,,,,,,,,,,,,,,,,,,,,
14,45,LCOR-519,38.5,0,,,,,,,,,,,,,,,,,,,,,
15,45,LCOR-1226,,,,,,,,,,,,,,,,,,,,,,,
16,45,LCOR-1027,,,,,,,,,,,,,,,,,,,,,,,
1,46,LCOR-1042,,,,,,,,,,,,,,,,,,,,,,,
2,46,LCOR-112,36.3,3,,,,,,,,,,,,,,,,,,,,,
3,46,LCOR-190,24.5,2,,,,,,,,,,,,,,,,,,,,,
4,46,LCOR-313,34.1,1,,,,,,,,,,,,,,,,,,,,,
5,46,LCOR-446,23.8,2,,,,,,,,,,,,,,,,,,,,,
6,46,LCOR-032,24.1,1,,,,,,,,,,,,,,,,,,,,,
7,46,LCOR-492,26.1,1,,,,,,,,,,,,,,,,,,,,,
8,46,LCOR-311,21.9,1,,,,,,,,,,,,,,,,,,,,,
9,46,LCOR-523,24.3,2,,,,,,,,,,,,,,,,,,,,,
10,46,LCOR-432,31,1,,,,,,,,,,,,,,,,,,,,,
11,46,LCOR-025,30.9,1,,,,,,,,,,,,,,,,,,,,,
12,46,LCOR-538,,,,,,,,,,,,,,,,,,,,,,,
13,46,LCOR-102,32.5,1,,,,,,,,,,,,,,,,,,,,,
14,46,LCOR-155,32.6,0,,,,,,,,,,,,,,,,,,,,,
15,46,LCOR-490,27.1,2,,,,,,,,,,,,,,,,,,,,,
16,46,LCOR-1255,,,,,,,,,,,,,,,,,,,,,,,
1,47,LCOR-1079,,,,,,,,,,,,,,,,,,,,,,,
2,47,LCOR-374,29.7,1,,,,,,,,,,,,,,,,,,,,,
3,47,LCOR-521,26.5,3,,,,,,,,,,,,,,,,,,,,,
4,47,LCOR-232,23.4,1,,,,,,,,,,,,,,,,,,,,,
5,47,LCOR-315,28.5,2,,,,,,,,,,,,,,,,,,,,,
6,47,LCOR-419,30.3,1,,,,,,,,,,,,,,,,,,,,,
7,47,LCOR-365,25.5,2,,,,,,,,,,,,,,,,,,,,,
8,47,LCOR-480,25.3,2,,,,,,,,,,,,,,,,,,,,,
9,47,LCOR-433,27.7,1,,,,,,,,,,,,,,,,,,,,,
10,47,LCOR-453,27.9,1,,,,,,,,,,,,,,,,,,,,,
11,47,LCOR-223,39,0,,,,,,,,,,,,,,,,,,,,,
12,47,LCOR-359,,,,,,,,,,,,,,,,,,,,,,,
13,47,LCOR-216,30.9,1,,,,,,,,,,,,,,,,,,,,,
14,47,LCOR-159,31.1,1,,,,,,,,,,,,,,,,,,,,,
15,47,LCOR-426,29.4,1,,,,,,,,,,,,,,,,,,,,,
16,47,LCOR-1068,,,,,,,,,,,,,,,,,,,,,,,
1,48,LCOR-1083,,,,,,,,,,,,,,,,,,,,,,,
2,48,LCOR-113,,,,,,,,,,,,,,,,,,,,,,,
3,48,LCOR-505,31.7,0,,,,,,,,,,,,,,,,,,,,,
4,48,LCOR-153,28.4,1,,,,,,,,,,,,,,,,,,,,,
5,48,LCOR-336,,,,,,,,,,,,,,,,,,,,,,,
6,48,LCOR-412,23,2,,,,,,,,,,,,,,,,,,,,,
7,48,LCOR-509,21.8,2,,,,,,,,,,,,,,,,,,,,,
8,48,LCOR-549,28,2,,,,,,,,,,,,,,,,,,,,,
9,48,LCOR-466,28.5,2,,,,,,,,,,,,,,,,,,,,,
10,48,LCOR-547,24.6,2,,,,,,,,,,,,,,,,,,,,,
11,48,LCOR-598,,,,,,,,,,,,,,,,,,,,,,,
12,48,LCOR-464,34.8,1,,,,,,,,,,,,,,,,,,,,,
13,48,LCOR-555,35.4,1,,,,,,,,,,,,,,,,,,,,,
14,48,LCOR-189,26.4,2,,,,,,,,,,,,,,,,,,,,,
15,48,LCOR-447,31.5,2,,,,,,,,,,,,,,,,,,,,,
16,48,LCOR-1170,,,,,,,,,,,,,,,,,,,,,,,
1,49,LCOR-1113,,,,,,,,,,,,,,,,,,,,,,,
2,49,LCOR-1172,,,,,,,,,,,,,,,,,,,,,,,
3,49,LCOR-270,21.7,2,,,,,,,,,,,,,,,,,,,,,
4,49,LCOR-114,,,,,,,,,,,,,,,,,,,,,,,
5,49,LCOR-591,,,,,,,,,,,,,,,,,,,,,,,
6,49,LCOR-029,25.9,1,,,,,,,,,,,,,,,,,,,,,
7,49,LCOR-056,26.5,1,,,,,,,,,,,,,,,,,,,,,
8,49,LCOR-578,26.9,1,,,,,,,,,,,,,,,,,,,,,
9,49,LCOR-586,28.9,1,,,,,,,,,,,,,,,,,,,,,
10,49,LCOR-531,29.2,1,,,,,,,,,,,,,,,,,,,,,
11,49,LCOR-477,33.1,1,,,,,,,,,,,,,,,,,,,,,
12,49,LCOR-460,32.9,1,,,,,,,,,,,,,,,,,,,,,
13,49,LCOR-615,32.9,1,,,,,,,,,,,,,,,,,,,,,
14,49,LCOR-602,,,,,,,,,,,,,,,,,,,,,,,
15,49,LCOR-456,27,1,,,,,,,,,,,,,,,,,,,,,
16,49,LCOR-1174,,,,,,,,,,,,,,,,,,,,,,,
1,50,LCOR-1126,,,,,,,,,,,,,,,,,,,,,,,
2,50,LCOR-500,24.5,2,,,,,,,,,,,,,,,,,,,,,
3,50,LCOR-119,,,,,,,,,,,,,,,,,,,,,,,
4,50,LCOR-375,24.5,2,,,,,,,,,,,,,,,,,,,,,
5,50,LCOR-208,24.2,1,,,,,,,,,,,,,,,,,,,,,
6,50,LCOR-457,24.3,1,,,,,,,,,,,,,,,,,,,,,
7,50,LCOR-440,25.4,2,,,,,,,,,,,,,,,,,,,,,
8,50,LCOR-501,24,2,,,,,,,,,,,,,,,,,,,,,
9,50,LCOR-118,,,,,,,,,,,,,,,,,,,,,,,
10,50,LCOR-262,25.4,1,,,,,,,,,,,,,,,,,,,,,
11,50,LCOR-172,NA,5,"All leaves dead, not collected",,,,,,,,,,,,,,,,,,,,
12,50,LCOR-081,29.9,0,,,,,,,,,,,,,,,,,,,,,
13,50,LCOR-210,29.3,1,,,,,,,,,,,,,,,,,,,,,
14,50,LCOR-417,31.3,0,,,,,,,,,,,,,,,,,,,,,
15,50,LCOR-390,28.1,1,,,,,,,,,,,,,,,,,,,,,
16,50,LCOR-1196,,,,,,,,,,,,,,,,,,,,,,,
1,51,LCOR-1019,,,,,,,,,,,,,,,,,,,,,,,
2,51,LCOR-1256,,,,,,,,,,,,,,,,,,,,,,,
3,51,LCOR-1167,,,,,,,,,,,,,,,,,,,,,,,
4,51,LCOR-219,NA,5,"All leaves dead, not collected",,,,,,,,,,,,,,,,,,,,
5,51,LCOR-532,25.7,1,,,,,,,,,,,,,,,,,,,,,
6,51,LCOR-431,25.3,1,,,,,,,,,,,,,,,,,,,,,
7,51,LCOR-479,27.4,1,,,,,,,,,,,,,,,,,,,,,
8,51,LCOR-1030,,,,,,,,,,,,,,,,,,,,,,,
9,51,LCOR-108,28.9,1,,,,,,,,,,,,,,,,,,,,,
10,51,LCOR-312,24.8,2,,,,,,,,,,,,,,,,,,,,,
11,51,LCOR-225,29.7,2,,,,,,,,,,,,,,,,,,,,,
12,51,LCOR-329,,,,,,,,,,,,,,,,,,,,,,,
13,51,LCOR-478,35.6,0,,,,,,,,,,,,,,,,,,,,,
14,51,LCOR-567,32.8,1,,,,,,,,,,,,,,,,,,,,,
15,51,LCOR-413,37.5,0,,,,,,,,,,,,,,,,,,,,,
16,51,LCOR-1205,,,,,,,,,,,,,,,,,,,,,,,
1,52,LCOR-1041,,,,,,,,,,,,,,,,,,,,,,,
2,52,LCOR-1218,,,,,,,,,,,,,,,,,,,,,,,
3,52,LCOR-389,28.4,1,,,,,,,,,,,,,,,,,,,,,
4,52,LCOR-246,25.8,2,,,,,,,,,,,,,,,,,,,,,
5,52,LCOR-1050,,,,,,,,,,,,,,,,,,,,,,,
6,52,LCOR-430,23,1,,,,,,,,,,,,,,,,,,,,,
7,52,LCOR-465,24.4,1,,,,,,,,,,,,,,,,,,,,,
8,52,LCOR-1117,,,,,,,,,,,,,,,,,,,,,,,
9,52,LCOR-183,23.5,2,,,,,,,,,,,,,,,,,,,,,
10,52,LCOR-1096,,,,,,,,,,,,,,,,,,,,,,,
11,52,LCOR-317,,,,,,,,,,,,,,,,,,,,,,,
12,52,LCOR-215,34.1,0,,,,,,,,,,,,,,,,,,,,,
13,52,LCOR-187,33.1,0,,,,,,,,,,,,,,,,,,,,,
14,52,LCOR-1220,,,,,,,,,,,,,,,,,,,,,,,
15,52,LCOR-576,32,1,,,,,,,,,,,,,,,,,,,,,
16,52,LCOR-1243,,,,,,,,,,,,,,,,,,,,,,,
1,53,LCOR-1065,,,,,,,,,,,,,,,,,,,,,,,
2,53,LCOR-1230,,,,,,,,,,,,,,,,,,,,,,,
3,53,LCOR-288,28.4,2,,,,,,,,,,,,,,,,,,,,,
4,53,LCOR-407,24.5,1,,,,,,,,,,,,,,,,,,,,,
5,53,LCOR-580,26.2,1,,,,,,,,,,,,,,,,,,,,,
6,53,LCOR-566,26.6,2,,,,,,,,,,,,,,,,,,,,,
7,53,LCOR-097,21.8,2,,,,,,,,,,,,,,,,,,,,,
8,53,LCOR-1194,,,,,,,,,,,,,,,,,,,,,,,
9,53,LCOR-592,,,,,,,,,,,,,,,,,,,,,,,
10,53,LCOR-451,23.9,1,,,,,,,,,,,,,,,,,,,,,
11,53,LCOR-597,,,,,,,,,,,,,,,,,,,,,,,
12,53,LCOR-1031,,,,,,,,,,,,,,,,,,,,,,,
13,53,LCOR-050,24.9,2,,,,,,,,,,,,,,,,,,,,,
14,53,LCOR-444,32.7,1,,,,,,,,,,,,,,,,,,,,,
15,53,LCOR-1032,,,,,,,,,,,,,,,,,,,,,,,
16,53,LCOR-1208,,,,,,,,,,,,,,,,,,,,,,,
1,54,LCOR-1074,,,,,,,,,,,,,,,,,,,,,,,
2,54,LCOR-590,,,,,,,,,,,,,,,,,,,,,,,
3,54,LCOR-038,28.6,1,,,,,,,,,,,,,,,,,,,,,
4,54,LCOR-1038,,,,,,,,,,,,,,,,,,,,,,,
5,54,LCOR-205,,,,,,,,,,,,,,,,,,,,,,,
6,54,LCOR-1138,,,,,,,,,,,,,,,,,,,,,,,
7,54,LCOR-1252,,,,,,,,,,,,,,,,,,,,,,,
8,54,LCOR-1182,,,,,,,,,,,,,,,,,,,,,,,
9,54,LCOR-1107,,,,,,,,,,,,,,,,,,,,,,,
10,54,LCOR-1123,,,,,,,,,,,,,,,,,,,,,,,
11,54,LCOR-1133,,,,,,,,,,,,,,,,,,,,,,,
12,54,LCOR-1179,,,,,,,,,,,,,,,,,,,,,,,
13,54,LCOR-1190,,,,,,,,,,,,,,,,,,,,,,,
14,54,LCOR-1013,,,,,,,,,,,,,,,,,,,,,,,
15,54,LCOR-1251,,,,,,,,,,,,,,,,,,,,,,,
16,54,LCOR-1045,,,,,,,,,,,,,,,,,,,,,,,
1,55,LCOR-1084,,,,,,,,,,,,,,,,,,,,,,,
2,55,LCOR-1176,,,,,,,,,,,,,,,,,,,,,,,
3,55,LCOR-1055,,,,,,,,,,,,,,,,,,,,,,,
4,55,LCOR-1067,,,,,,,,,,,,,,,,,,,,,,,
5,55,LCOR-1146,,,,,,,,,,,,,,,,,,,,,,,
6,55,LCOR-1036,,,,,,,,,,,,,,,,,,,,,,,
7,55,LCOR-1157,,,,,,,,,,,,,,,,,,,,,,,
8,55,LCOR-1184,,,,,,,,,,,,,,,,,,,,,,,
9,55,LCOR-1232,,,,,,,,,,,,,,,,,,,,,,,
10,55,LCOR-1258,,,,,,,,,,,,,,,,,,,,,,,
11,55,LCOR-1012,,,,,,,,,,,,,,,,,,,,,,,
12,55,LCOR-1109,,,,,,,,,,,,,,,,,,,,,,,
13,55,LCOR-1000,,,,,,,,,,,,,,,,,,,,,,,
14,55,LCOR-1125,,,,,,,,,,,,,,,,,,,,,,,
15,55,LCOR-1130,,,,,,,,,,,,,,,,,,,,,,,
16,55,LCOR-1195,,,,,,,,,,,,,,,,,,,,,,,
,,,,,,,,,,,,,,,,,,,,,,,,,
,,,,,,,,,,,,,,,,,,,,,,,,,
,,,,,,,,,,,,,,,,,,,,,,,,,
,,,,,,,,,,,,,,,,,,,,,,,,,
,,,,,,,,,,,,,,,,,,,,,,,,,
,,,,,,,,,,,,,,,,,,,,,,,,,
,,,,,,,,,,,,,,,,,,,,,,,,,
,,,,,,,,,,,,,,,,,,,,,,,,,
,,,,,,,,,,,,,,,,,,,,,,,,,
,,,,,,,,,,,,,,,,,,,,,,,,,
,,,,,,,,,,,,,,,,,,,,,,,,,
,,,,,,,,,,,,,,,,,,,,,,,,,
,,,,,,,,,,,,,,,,,,,,,,,,,
,,,,,,,,,,,,,,,,,,,,,,,,,
,,,,,,,,,,,,,,,,,,,,,,,,,
,,,,,,,,,,,,,,,,,,,,,,,,,
,,,,,,,,,,,,,,,,,,,,,,,,,
,,,,,,,,,,,,,,,,,,,,,,,,,
,,,,,,,,,,,,,,,,,,,,,,,,,
,,,,,,,,,,,,,,,,,,,,,,,,,
,,,,,,,,,,,,,,,,,,,,,,,,,
,,,,,,,,,,,,,,,,,,,,,,,,,
,,,,,,,,,,,,,,,,,,,,,,,,,
,,,,,,,,,,,,,,,,,,,,,,,,,
,,,,,,,,,,,,,,,,,,,,,,,,,
,,,,,,,,,,,,,,,,,,,,,,,,,
,,,,,,,,,,,,,,,,,,,,,,,,,
,,,,,,,,,,,,,,,,,,,,,,,,,
,,,,,,,,,,,,,,,,,,,,,,,,,
,,,,,,,,,,,,,,,,,,,,,,,,,
,,,,,,,,,,,,,,,,,,,,,,,,,
,,,,,,,,,,,,,,,,,,,,,,,,,
,,,,,,,,,,,,,,,,,,,,,,,,,
,,,,,,,,,,,,,,,,,,,,,,,,,
,,,,,,,,,,,,,,,,,,,,,,,,,
,,,,,,,,,,,,,,,,,,,,,,,,,
,,,,,,,,,,,,,,,,,,,,,,,,,
,,,,,,,,,,,,,,,,,,,,,,,,,
,,,,,,,,,,,,,,,,,,,,,,,,,
,,,,,,,,,,,,,,,,,,,,,,,,,
,,,,,,,,,,,,,,,,,,,,,,,,,
,,,,,,,,,,,,,,,,,,,,,,,,,
,,,,,,,,,,,,,,,,,,,,,,,,,
,,,,,,,,,,,,,,,,,,,,,,,,,
,,,,,,,,,,,,,,,,,,,,,,,,,
,,,,,,,,,,,,,,,,,,,,,,,,,
,,,,,,,,,,,,,,,,,,,,,,,,,
,,,,,,,,,,,,,,,,,,,,,,,,,
,,,,,,,,,,,,,,,,,,,,,,,,,
,,,,,,,,,,,,,,,,,,,,,,,,,
,,,,,,,,,,,,,,,,,,,,,,,,,
,,,,,,,,,,,,,,,,,,,,,,,,,
,,,,,,,,,,,,,,,,,,,,,,,,,
,,,,,,,,,,,,,,,,,,,,,,,,,
,,,,,,,,,,,,,,,,,,,,,,,,,
,,,,,,,,,,,,,,,,,,,,,,,,,
,,,,,,,,,,,,,,,,,,,,,,,,,
,,,,,,,,,,,,,,,,,,,,,,,,,
,,,,,,,,,,,,,,,,,,,,,,,,,
,,,,,,,,,,,,,,,,,,,,,,,,,
,,,,,,,,,,,,,,,,,,,,,,,,,
,,,,,,,,,,,,,,,,,,,,,,,,,
,,,,,,,,,,,,,,,,,,,,,,,,,
,,,,,,,,,,,,,,,,,,,,,,,,,
,,,,,,,,,,,,,,,,,,,,,,,,,
,,,,,,,,,,,,,,,,,,,,,,,,,
,,,,,,,,,,,,,,,,,,,,,,,,,
,,,,,,,,,,,,,,,,,,,,,,,,,
,,,,,,,,,,,,,,,,,,,,,,,,,
,,,,,,,,,,,,,,,,,,,,,,,,,
,,,,,,,,,,,,,,,,,,,,,,,,,
,,,,,,,,,,,,,,,,,,,,,,,,,
,,,,,,,,,,,,,,,,,,,,,,,,,
,,,,,,,,,,,,,,,,,,,,,,,,,
,,,,,,,,,,,,,,,,,,,,,,,,,
,,,,,,,,,,,,,,,,,,,,,,,,,
,,,,,,,,,,,,,,,,,,,,,,,,,
,,,,,,,,,,,,,,,,,,,,,,,,,
,,,,,,,,,,,,,,,,,,,,,,,,,
,,,,,,,,,,,,,,,,,,,,,,,,,
,,,,,,,,,,,,,,,,,,,,,,,,,
,,,,,,,,,,,,,,,,,,,,,,,,,
,,,,,,,,,,,,,,,,,,,,,,,,,
,,,,,,,,,,,,,,,,,,,,,,,,,
,,,,,,,,,,,,,,,,,,,,,,,,,
,,,,,,,,,,,,,,,,,,,,,,,,,
,,,,,,,,,,,,,,,,,,,,,,,,,
,,,,,,,,,,,,,,,,,,,,,,,,,
,,,,,,,,,,,,,,,,,,,,,,,,,
,,,,,,,,,,,,,,,,,,,,,,,,,
,,,,,,,,,,,,,,,,,,,,,,,,,
,,,,,,,,,,,,,,,,,,,,,,,,,
,,,,,,,,,,,,,,,,,,,,,,,,,
,,,,,,,,,,,,,,,,,,,,,,,,,
,,,,,,,,,,,,,,,,,,,,,,,,,
,,,,,,,,,,,,,,,,,,,,,,,,,
,,,,,,,,,,,,,,,,,,,,,,,,,
,,,,,,,,,,,,,,,,,,,,,,,,,
,,,,,,,,,,,,,,,,,,,,,,,,,
,,,,,,,,,,,,,,,,,,,,,,,,,
,,,,,,,,,,,,,,,,,,,,,,,,,
,,,,,,,,,,,,,,,,,,,,,,,,,
,,,,,,,,,,,,,,,,,,,,,,,,,
,,,,,,,,,,,,,,,,,,,,,,,,,
,,,,,,,,,,,,,,,,,,,,,,,,,
,,,,,,,,,,,,,,,,,,,,,,,,,
,,,,,,,,,,,,,,,,,,,,,,,,,
,,,,,,,,,,,,,,,,,,,,,,,,,
,,,,,,,,,,,,,,,,,,,,,,,,,
,,,,,,,,,,,,,,,,,,,,,,,,,
,,,,,,,,,,,,,,,,,,,,,,,,,
,,,,,,,,,,,,,,,,,,,,,,,,,
,,,,,,,,,,,,,,,,,,,,,,,,,
,,,,,,,,,,,,,,,,,,,,,,,,,
,,,,,,,,,,,,,,,,,,,,,,,,,
,,,,,,,,,,,,,,,,,,,,,,,,,
,,,,,,,,,,,,,,,,,,,,,,,,,
,,,,,,,,,,,,,,,,,,,,,,,,,
,,,,,,,,,,,,,,,,,,,,,,,,,
,,,,,,,,,,,,,,,,,,,,,,,,,
,,,,,,,,,,,,,,,,,,,,,,,,,
,,,,,,,,,,,,,,,,,,,,,,,,,
,,,,,,,,,,,,,,,,,,,,,,,,,
,,,,,,,,,,,,,,,,,,,,,,,,,
,,,,,,,,,,,,,,,,,,,,,,,,,
,,,,,,,,,,,,,,,,,,,,,,,,,
,,,,,,,,,,,,,,,,,,,,,,,,,
,,,,,,,,,,,,,,,,,,,,,,,,,
,,,,,,,,,,,,,,,,,,,,,,,,,
,,,,,,,,,,,,,,,,,,,,,,,,,
,,,,,,,,,,,,,,,,,,,,,,,,,
,,,,,,,,,,,,,,,,,,,,,,,,,
,,,,,,,,,,,,,,,,,,,,,,,,,
,,,,,,,,,,,,,,,,,,,,,,,,,
,,,,,,,,,,,,,,,,,,,,,,,,,
,,,,,,,,,,,,,,,,,,,,,,,,,
,,,,,,,,,,,,,,,,,,,,,,,,,
,,,,,,,,,,,,,,,,,,,,,,,,,
,,,,,,,,,,,,,,,,,,,,,,,,,
,,,,,,,,,,,,,,,,,,,,,,,,,
,,,,,,,,,,,,,,,,,,,,,,,,,
,,,,,,,,,,,,,,,,,,,,,,,,,
,,,,,,,,,,,,,,,,,,,,,,,,,
,,,,,,,,,,,,,,,,,,,,,,,,,
,,,,,,,,,,,,,,,,,,,,,,,,,
,,,,,,,,,,,,,,,,,,,,,,,,,
,,,,,,,,,,,,,,,,,,,,,,,,,
,,,,,,,,,,,,,,,,,,,,,,,,,
,,,,,,,,,,,,,,,,,,,,,,,,,
,,,,,,,,,,,,,,,,,,,,,,,,,
,,,,,,,,,,,,,,,,,,,,,,,,,
,,,,,,,,,,,,,,,,,,,,,,,,,
,,,,,,,,,,,,,,,,,,,,,,,,,
,,,,,,,,,,,,,,,,,,,,,,,,,
,,,,,,,,,,,,,,,,,,,,,,,,,
,,,,,,,,,,,,,,,,,,,,,,,,,
,,,,,,,,,,,,,,,,,,,,,,,,,
,,,,,,,,,,,,,,,,,,,,,,,,,
,,,,,,,,,,,,,,,,,,,,,,,,,
,,,,,,,,,,,,,,,,,,,,,,,,,
,,,,,,,,,,,,,,,,,,,,,,,,,
,,,,,,,,,,,,,,,,,,,,,,,,,
,,,,,,,,,,,,,,,,,,,,,,,,,
,,,,,,,,,,,,,,,,,,,,,,,,,
,,,,,,,,,,,,,,,,,,,,,,,,,
,,,,,,,,,,,,,,,,,,,,,,,,,
,,,,,,,,,,,,,,,,,,,,,,,,,
,,,,,,,,,,,,,,,,,,,,,,,,,
,,,,,,,,,,,,,,,,,,,,,,,,,
,,,,,,,,,,,,,,,,,,,,,,,,,
,,,,,,,,,,,,,,,,,,,,,,,,,
,,,,,,,,,,,,,,,,,,,,,,,,,
,,,,,,,,,,,,,,,,,,,,,,,,,
,,,,,,,,,,,,,,,,,,,,,,,,,
,,,,,,,,,,,,,,,,,,,,,,,,,
,,,,,,,,,,,,,,,,,,,,,,,,,
,,,,,,,,,,,,,,,,,,,,,,,,,
,,,,,,,,,,,,,,,,,,,,,,,,,
,,,,,,,,,,,,,,,,,,,,,,,,,
,,,,,,,,,,,,,,,,,,,,,,,,,
,,,,,,,,,,,,,,,,,,,,,,,,,
,,,,,,,,,,,,,,,,,,,,,,,,,
,,,,,,,,,,,,,,,,,,,,,,,,,
,,,,,,,,,,,,,,,,,,,,,,,,,
,,,,,,,,,,,,,,,,,,,,,,,,,
,,,,,,,,,,,,,,,,,,,,,,,,,
,,,,,,,,,,,,,,,,,,,,,,,,,
,,,,,,,,,,,,,,,,,,,,,,,,,
,,,,,,,,,,,,,,,,,,,,,,,,,
,,,,,,,,,,,,,,,,,,,,,,,,,
,,,,,,,,,,,,,,,,,,,,,,,,,
,,,,,,,,,,,,,,,,,,,,,,,,,
,,,,,,,,,,,,,,,,,,,,,,,,,
,,,,,,,,,,,,,,,,,,,,,,,,,
,,,,,,,,,,,,,,,,,,,,,,,,,
,,,,,,,,,,,,,,,,,,,,,,,,,
,,,,,,,,,,,,,,,,,,,,,,,,,
,,,,,,,,,,,,,,,,,,,,,,,,,
,,,,,,,,,,,,,,,,,,,,,,,,,
,,,,,,,,,,,,,,,,,,,,,,,,,
,,,,,,,,,,,,,,,,,,,,,,,,,
,,,,,,,,,,,,,,,,,,,,,,,,,
,,,,,,,,,,,,,,,,,,,,,,,,,
,,,,,,,,,,,,,,,,,,,,,,,,,
,,,,,,,,,,,,,,,,,,,,,,,,,
,,,,,,,,,,,,,,,,,,,,,,,,,
,,,,,,,,,,,,,,,,,,,,,,,,,
,,,,,,,,,,,,,,,,,,,,,,,,,
,,,,,,,,,,,,,,,,,,,,,,,,,
,,,,,,,,,,,,,,,,,,,,,,,,,
,,,,,,,,,,,,,,,,,,,,,,,,,
,,,,,,,,,,,,,,,,,,,,,,,,,
,,,,,,,,,,,,,,,,,,,,,,,,,
,,,,,,,,,,,,,,,,,,,,,,,,,
,,,,,,,,,,,,,,,,,,,,,,,,,
,,,,,,,,,,,,,,,,,,,,,,,,,
,,,,,,,,,,,,,,,,,,,,,,,,,
,,,,,,,,,,,,,,,,,,,,,,,,,
,,,,,,,,,,,,,,,,,,,,,,,,,
,,,,,,,,,,,,,,,,,,,,,,,,,
,,,,,,,,,,,,,,,,,,,,,,,,,
,,,,,,,,,,,,,,,,,,,,,,,,,
,,,,,,,,,,,,,,,,,,,,,,,,,
,,,,,,,,,,,,,,,,,,,,,,,,,
,,,,,,,,,,,,,,,,,,,,,,,,,
,,,,,,,,,,,,,,,,,,,,,,,,,
,,,,,,,,,,,,,,,,,,,,,,,,,
,,,,,,,,,,,,,,,,,,,,,,,,,
,,,,,,,,,,,,,,,,,,,,,,,,,
,,,,,,,,,,,,,,,,,,,,,,,,,
,,,,,,,,,,,,,,,,,,,,,,,,,
,,,,,,,,,,,,,,,,,,,,,,,,,
,,,,,,,,,,,,,,,,,,,,,,,,,
,,,,,,,,,,,,,,,,,,,,,,,,,
,,,,,,,,,,,,,,,,,,,,,,,,,
,,,,,,,,,,,,,,,,,,,,,,,,,
,,,,,,,,,,,,,,,,,,,,,,,,,
,,,,,,,,,,,,,,,,,,,,,,,,,
,,,,,,,,,,,,,,,,,,,,,,,,,
,,,,,,,,,,,,,,,,,,,,,,,,,
,,,,,,,,,,,,,,,,,,,,,,,,,
,,,,,,,,,,,,,,,,,,,,,,,,,
,,,,,,,,,,,,,,,,,,,,,,,,,
,,,,,,,,,,,,,,,,,,,,,,,,,
,,,,,,,,,,,,,,,,,,,,,,,,,
,,,,,,,,,,,,,,,,,,,,,,,,,
,,,,,,,,,,,,,,,,,,,,,,,,,
,,,,,,,,,,,,,,,,,,,,,,,,,
,,,,,,,,,,,,,,,,,,,,,,,,,
,,,,,,,,,,,,,,,,,,,,,,,,,
,,,,,,,,,,,,,,,,,,,,,,,,,
,,,,,,,,,,,,,,,,,,,,,,,,,
,,,,,,,,,,,,,,,,,,,,,,,,,
,,,,,,,,,,,,,,,,,,,,,,,,,
,,,,,,,,,,,,,,,,,,,,,,,,,
,,,,,,,,,,,,,,,,,,,,,,,,,
,,,,,,,,,,,,,,,,,,,,,,,,,
,,,,,,,,,,,,,,,,,,,,,,,,,
,,,,,,,,,,,,,,,,,,,,,,,,,
,,,,,,,,,,,,,,,,,,,,,,,,,
,,,,,,,,,,,,,,,,,,,,,,,,,
,,,,,,,,,,,,,,,,,,,,,,,,,
,,,,,,,,,,,,,,,,,,,,,,,,,
,,,,,,,,,,,,,,,,,,,,,,,,,
,,,,,,,,,,,,,,,,,,,,,,,,,
,,,,,,,,,,,,,,,,,,,,,,,,,
,,,,,,,,,,,,,,,,,,,,,,,,,
,,,,,,,,,,,,,,,,,,,,,,,,,
,,,,,,,,,,,,,,,,,,,,,,,,,
,,,,,,,,,,,,,,,,,,,,,,,,,
,,,,,,,,,,,,,,,,,,,,,,,,,
,,,,,,,,,,,,,,,,,,,,,,,,,
,,,,,,,,,,,,,,,,,,,,,,,,,
,,,,,,,,,,,,,,,,,,,,,,,,,
,,,,,,,,,,,,,,,,,,,,,,,,,
,,,,,,,,,,,,,,,,,,,,,,,,,
,,,,,,,,,,,,,,,,,,,,,,,,,
,,,,,,,,,,,,,,,,,,,,,,,,,
,,,,,,,,,,,,,,,,,,,,,,,,,
,,,,,,,,,,,,,,,,,,,,,,,,,
,,,,,,,,,,,,,,,,,,,,,,,,,
,,,,,,,,,,,,,,,,,,,,,,,,,
,,,,,,,,,,,,,,,,,,,,,,,,,
,,,,,,,,,,,,,,,,,,,,,,,,,
,,,,,,,,,,,,,,,,,,,,,,,,,
,,,,,,,,,,,,,,,,,,,,,,,,,
,,,,,,,,,,,,,,,,,,,,,,,,,
,,,,,,,,,,,,,,,,,,,,,,,,,
,,,,,,,,,,,,,,,,,,,,,,,,,
,,,,,,,,,,,,,,,,,,,,,,,,,
,,,,,,,,,,,,,,,,,,,,,,,,,
,,,,,,,,,,,,,,,,,,,,,,,,,
,,,,,,,,,,,,,,,,,,,,,,,,,
,,,,,,,,,,,,,,,,,,,,,,,,,
,,,,,,,,,,,,,,,,,,,,,,,,,
,,,,,,,,,,,,,,,,,,,,,,,,,
,,,,,,,,,,,,,,,,,,,,,,,,,
,,,,,,,,,,,,,,,,,,,,,,,,,
,,,,,,,,,,,,,,,,,,,,,,,,,
,,,,,,,,,,,,,,,,,,,,,,,,,
,,,,,,,,,,,,,,,,,,,,,,,,,
,,,,,,,,,,,,,,,,,,,,,,,,,
,,,,,,,,,,,,,,,,,,,,,,,,,
,,,,,,,,,,,,,,,,,,,,,,,,,
,,,,,,,,,,,,,,,,,,,,,,,,,
,,,,,,,,,,,,,,,,,,,,,,,,,
,,,,,,,,,,,,,,,,,,,,,,,,,
,,,,,,,,,,,,,,,,,,,,,,,,,
,,,,,,,,,,,,,,,,,,,,,,,,,
,,,,,,,,,,,,,,,,,,,,,,,,,
,,,,,,,,,,,,,,,,,,,,,,,,,
,,,,,,,,,,,,,,,,,,,,,,,,,
,,,,,,,,,,,,,,,,,,,,,,,,,
,,,,,,,,,,,,,,,,,,,,,,,,,
,,,,,,,,,,,,,,,,,,,,,,,,,
,,,,,,,,,,,,,,,,,,,,,,,,,
,,,,,,,,,,,,,,,,,,,,,,,,,
,,,,,,,,,,,,,,,,,,,,,,,,,
,,,,,,,,,,,,,,,,,,,,,,,,,
,,,,,,,,,,,,,,,,,,,,,,,,,
,,,,,,,,,,,,,,,,,,,,,,,,,
,,,,,,,,,,,,,,,,,,,,,,,,,
,,,,,,,,,,,,,,,,,,,,,,,,,
,,,,,,,,,,,,,,,,,,,,,,,,,
,,,,,,,,,,,,,,,,,,,,,,,,,